XM_005261965.4	10156	AAACA	60e0f6a3-2166-4730-9a10-8f8aaa750b37	unmod	0.1364245
XM_005261965.4	10164	AAACT	60e0f6a3-2166-4730-9a10-8f8aaa750b37	unmod	0.034915127
XM_005261965.4	10229	GAACC	60e0f6a3-2166-4730-9a10-8f8aaa750b37	unmod	0.4773725
XM_005261965.4	10241	GGACC	60e0f6a3-2166-4730-9a10-8f8aaa750b37	unmod	0.11096856
XM_005261965.4	10324	GGACT	60e0f6a3-2166-4730-9a10-8f8aaa750b37	mod	0.908553
XM_005261965.4	10362	AAACA	60e0f6a3-2166-4730-9a10-8f8aaa750b37	unmod	0.2004475
XM_005261965.4	10434	AGACA	60e0f6a3-2166-4730-9a10-8f8aaa750b37	unmod	0.1934688
XM_005261965.4	10498	GGACC	60e0f6a3-2166-4730-9a10-8f8aaa750b37	unmod	0.1313666
XM_005261965.4	10507	AAACA	60e0f6a3-2166-4730-9a10-8f8aaa750b37	unmod	0.030169742
XM_005261965.4	10511	AAACT	60e0f6a3-2166-4730-9a10-8f8aaa750b37	unmod	0.020174831
XM_005261965.4	10592	AGACT	60e0f6a3-2166-4730-9a10-8f8aaa750b37	mod	0.7666112
XM_005261965.4	10601	GGACT	60e0f6a3-2166-4730-9a10-8f8aaa750b37	mod	0.60332334
XM_005261965.4	10614	AAACT	60e0f6a3-2166-4730-9a10-8f8aaa750b37	unmod	0.112865955
XM_005261965.4	10619	GGACA	60e0f6a3-2166-4730-9a10-8f8aaa750b37	unmod	0.26688316
XM_005261965.4	10649	GAACT	60e0f6a3-2166-4730-9a10-8f8aaa750b37	unmod	0.063775696
XM_005261965.4	10693	AAACC	60e0f6a3-2166-4730-9a10-8f8aaa750b37	unmod	0.04980252
XM_005261965.4	10739	GAACA	60e0f6a3-2166-4730-9a10-8f8aaa750b37	unmod	0.10407194
XM_005261965.4	10780	TAACT	60e0f6a3-2166-4730-9a10-8f8aaa750b37	mod	0.91230214
XM_005261965.4	10788	AAACT	60e0f6a3-2166-4730-9a10-8f8aaa750b37	unmod	0.010241181
XM_005261965.4	10797	AGACT	60e0f6a3-2166-4730-9a10-8f8aaa750b37	unmod	0.062255304
XM_005261965.4	10832	AAACA	60e0f6a3-2166-4730-9a10-8f8aaa750b37	unmod	0.023906786
XM_005261965.4	11035	TGACT	60e0f6a3-2166-4730-9a10-8f8aaa750b37	unmod	0.33845294
XM_005261965.4	11135	AGACT	60e0f6a3-2166-4730-9a10-8f8aaa750b37	unmod	0.13434033
XM_005261965.4	11168	AAACC	60e0f6a3-2166-4730-9a10-8f8aaa750b37	unmod	0.3447571
XM_005261965.4	11197	TGACA	60e0f6a3-2166-4730-9a10-8f8aaa750b37	unmod	0.08521764
XM_005261965.4	11267	GGACT	60e0f6a3-2166-4730-9a10-8f8aaa750b37	mod	0.91227126
XM_005261965.4	11275	GGACC	60e0f6a3-2166-4730-9a10-8f8aaa750b37	unmod	0.2336022
XM_005261965.4	11282	GGACA	60e0f6a3-2166-4730-9a10-8f8aaa750b37	unmod	0.0785059
XM_005261965.4	11340	AAACA	60e0f6a3-2166-4730-9a10-8f8aaa750b37	mod	0.9215483
XM_005261965.4	11410	AAACC	60e0f6a3-2166-4730-9a10-8f8aaa750b37	unmod	0.015528165
XM_005261965.4	11449	AGACC	60e0f6a3-2166-4730-9a10-8f8aaa750b37	mod	0.85238993
XM_005261965.4	11486	TGACA	60e0f6a3-2166-4730-9a10-8f8aaa750b37	unmod	0.0656146
XM_005261965.4	11572	TGACA	60e0f6a3-2166-4730-9a10-8f8aaa750b37	unmod	0.018399652
XM_005261965.4	11581	AGACA	60e0f6a3-2166-4730-9a10-8f8aaa750b37	unmod	0.038893316
XM_005261965.4	11654	TAACA	60e0f6a3-2166-4730-9a10-8f8aaa750b37	unmod	0.03382029
XM_005261965.4	11671	AGACA	60e0f6a3-2166-4730-9a10-8f8aaa750b37	unmod	0.05373109
XM_005261965.4	11793	AGACA	60e0f6a3-2166-4730-9a10-8f8aaa750b37	mod	0.9579952
XM_005261965.4	11870	GGACC	60e0f6a3-2166-4730-9a10-8f8aaa750b37	unmod	0.4376092
XM_005261965.4	11920	GAACC	60e0f6a3-2166-4730-9a10-8f8aaa750b37	mod	0.7274496
XM_005261965.4	11952	AGACC	60e0f6a3-2166-4730-9a10-8f8aaa750b37	unmod	0.36607274
XM_005261965.4	12005	GGACA	60e0f6a3-2166-4730-9a10-8f8aaa750b37	mod	0.84254384
XM_005261965.4	12030	GAACT	60e0f6a3-2166-4730-9a10-8f8aaa750b37	unmod	0.039108746
XM_005261965.4	12047	TGACC	60e0f6a3-2166-4730-9a10-8f8aaa750b37	mod	0.8254414
XM_005261965.4	12137	AGACA	60e0f6a3-2166-4730-9a10-8f8aaa750b37	unmod	0.02706658
XM_005261965.4	12202	TAACC	60e0f6a3-2166-4730-9a10-8f8aaa750b37	mod	0.58776844
XM_005261965.4	12227	TGACC	60e0f6a3-2166-4730-9a10-8f8aaa750b37	unmod	0.1704693
XM_005261965.4	12284	TGACA	60e0f6a3-2166-4730-9a10-8f8aaa750b37	mod	0.9431579
XM_005261965.4	12313	AGACT	60e0f6a3-2166-4730-9a10-8f8aaa750b37	unmod	0.10418013
XM_005261965.4	12332	AAACC	60e0f6a3-2166-4730-9a10-8f8aaa750b37	unmod	0.094840154
XM_005261965.4	12392	AGACT	60e0f6a3-2166-4730-9a10-8f8aaa750b37	unmod	0.091398254
XM_005261965.4	12479	AGACA	60e0f6a3-2166-4730-9a10-8f8aaa750b37	unmod	0.25410616
XM_005261965.4	12503	TGACC	60e0f6a3-2166-4730-9a10-8f8aaa750b37	unmod	0.17771728
XM_005261965.4	12518	AGACT	60e0f6a3-2166-4730-9a10-8f8aaa750b37	unmod	0.07215628
XM_005261965.4	12656	TAACC	60e0f6a3-2166-4730-9a10-8f8aaa750b37	unmod	0.118382715
XM_005261965.4	12791	TGACA	60e0f6a3-2166-4730-9a10-8f8aaa750b37	unmod	0.1316234
XM_005261965.4	12834	AAACA	60e0f6a3-2166-4730-9a10-8f8aaa750b37	unmod	0.006384965
XM_005261965.4	12944	TGACC	60e0f6a3-2166-4730-9a10-8f8aaa750b37	unmod	0.3501902
XM_005261965.4	12995	TGACC	60e0f6a3-2166-4730-9a10-8f8aaa750b37	unmod	0.19957125
XM_005261965.4	13002	AAACC	60e0f6a3-2166-4730-9a10-8f8aaa750b37	unmod	0.011654336
XM_005261965.4	13027	TAACA	60e0f6a3-2166-4730-9a10-8f8aaa750b37	unmod	0.013504742
XM_005261965.4	13078	TGACA	60e0f6a3-2166-4730-9a10-8f8aaa750b37	unmod	0.04025878
XM_005261965.4	13191	GGACT	60e0f6a3-2166-4730-9a10-8f8aaa750b37	unmod	0.44904414
XM_005261965.4	13205	TGACA	60e0f6a3-2166-4730-9a10-8f8aaa750b37	unmod	0.13121428
XM_005261965.4	13307	TGACC	60e0f6a3-2166-4730-9a10-8f8aaa750b37	unmod	0.09122155
XM_005261965.4	13418	TGACA	60e0f6a3-2166-4730-9a10-8f8aaa750b37	mod	0.5532185
XM_005261965.4	13602	GGACC	60e0f6a3-2166-4730-9a10-8f8aaa750b37	mod	0.73354393
XM_005261965.4	13630	GAACC	60e0f6a3-2166-4730-9a10-8f8aaa750b37	unmod	0.37441605
XM_005261965.4	13651	AAACC	60e0f6a3-2166-4730-9a10-8f8aaa750b37	unmod	0.013902111
XM_005261965.4	13831	GGACC	60e0f6a3-2166-4730-9a10-8f8aaa750b37	unmod	0.117276765
XM_005261965.4	13854	GAACA	60e0f6a3-2166-4730-9a10-8f8aaa750b37	unmod	0.01104435
XM_005261965.4	13902	AGACT	60e0f6a3-2166-4730-9a10-8f8aaa750b37	unmod	0.05689099
XM_005261965.4	13909	AAACC	60e0f6a3-2166-4730-9a10-8f8aaa750b37	mod	0.5382671
XM_005261965.4	14020	AGACA	60e0f6a3-2166-4730-9a10-8f8aaa750b37	unmod	0.061382458
NR_073024.2	97	AAACA	25c77c15-ddc9-4dfc-87fe-742f0b24114e	unmod	0.012593562
NR_073024.2	161	AAACA	25c77c15-ddc9-4dfc-87fe-742f0b24114e	unmod	0.0018479967
NR_073024.2	200	GAACA	25c77c15-ddc9-4dfc-87fe-742f0b24114e	unmod	0.006885838
NR_073024.2	259	GGACC	25c77c15-ddc9-4dfc-87fe-742f0b24114e	unmod	0.23879772
NR_073024.2	286	AAACC	25c77c15-ddc9-4dfc-87fe-742f0b24114e	unmod	0.008487257
NR_073024.2	311	GGACC	25c77c15-ddc9-4dfc-87fe-742f0b24114e	unmod	0.10400807
NR_073024.2	469	TGACA	25c77c15-ddc9-4dfc-87fe-742f0b24114e	unmod	0.013819959
NR_073024.2	528	AAACA	25c77c15-ddc9-4dfc-87fe-742f0b24114e	unmod	0.004433111
NR_073024.2	549	AAACA	25c77c15-ddc9-4dfc-87fe-742f0b24114e	unmod	0.039699875
NR_073024.2	581	TGACA	25c77c15-ddc9-4dfc-87fe-742f0b24114e	unmod	0.15923992
NR_073024.2	604	AGACC	25c77c15-ddc9-4dfc-87fe-742f0b24114e	unmod	0.05027243
NR_073024.2	612	GGACT	25c77c15-ddc9-4dfc-87fe-742f0b24114e	unmod	0.333564
NR_073024.2	636	AGACT	25c77c15-ddc9-4dfc-87fe-742f0b24114e	mod	0.82791126
NR_073024.2	695	GGACC	25c77c15-ddc9-4dfc-87fe-742f0b24114e	unmod	0.4558683
NR_073024.2	738	GGACA	25c77c15-ddc9-4dfc-87fe-742f0b24114e	mod	0.80178607
NR_073024.2	834	TGACC	25c77c15-ddc9-4dfc-87fe-742f0b24114e	unmod	0.3068229
NR_073024.2	882	AGACT	25c77c15-ddc9-4dfc-87fe-742f0b24114e	unmod	0.244676
NR_073024.2	924	GGACT	25c77c15-ddc9-4dfc-87fe-742f0b24114e	mod	0.5509248
NR_073024.2	978	GGACA	25c77c15-ddc9-4dfc-87fe-742f0b24114e	mod	0.69889146
NR_073024.2	1028	AGACT	25c77c15-ddc9-4dfc-87fe-742f0b24114e	unmod	0.023190573
XM_017004733.1	1029	TGACA	b9ded60e-ec31-4ba0-ba41-2d7929c498c5	unmod	0.021306884
XM_017004733.1	1193	TGACC	b9ded60e-ec31-4ba0-ba41-2d7929c498c5	mod	0.79006845
XM_017004733.1	1213	GAACA	b9ded60e-ec31-4ba0-ba41-2d7929c498c5	unmod	0.19517134
XM_017004733.1	1239	TGACA	b9ded60e-ec31-4ba0-ba41-2d7929c498c5	unmod	0.18049039
XM_017004733.1	1313	TGACC	b9ded60e-ec31-4ba0-ba41-2d7929c498c5	unmod	0.31534517
XM_017004733.1	1329	GAACC	b9ded60e-ec31-4ba0-ba41-2d7929c498c5	unmod	0.106804065
XM_017004733.1	1355	TGACC	b9ded60e-ec31-4ba0-ba41-2d7929c498c5	mod	0.703018
XM_017004733.1	1373	AGACC	b9ded60e-ec31-4ba0-ba41-2d7929c498c5	mod	0.6765864
XM_017004733.1	1458	GGACT	b9ded60e-ec31-4ba0-ba41-2d7929c498c5	mod	0.90424913
XM_017004733.1	1533	AGACC	b9ded60e-ec31-4ba0-ba41-2d7929c498c5	unmod	0.16471273
XM_017004733.1	1549	GAACT	b9ded60e-ec31-4ba0-ba41-2d7929c498c5	unmod	0.05837071
XM_017004733.1	1553	TGACT	b9ded60e-ec31-4ba0-ba41-2d7929c498c5	unmod	0.17435266
XM_017004733.1	1557	TGACT	b9ded60e-ec31-4ba0-ba41-2d7929c498c5	unmod	0.12044814
XM_017004733.1	1629	TGACA	b9ded60e-ec31-4ba0-ba41-2d7929c498c5	mod	0.7695784
XM_017004733.1	1662	GGACT	b9ded60e-ec31-4ba0-ba41-2d7929c498c5	mod	0.7837037
XM_017004733.1	1826	AAACT	b9ded60e-ec31-4ba0-ba41-2d7929c498c5	unmod	0.025533643
XM_017004733.1	1860	GGACA	b9ded60e-ec31-4ba0-ba41-2d7929c498c5	mod	0.704272
XM_017004733.1	1872	AGACC	b9ded60e-ec31-4ba0-ba41-2d7929c498c5	unmod	0.08954318
NM_001363963.2	75	AGACT	78054de6-e08b-44a4-923d-d86d33bbb202	mod	0.8462382
NM_001363963.2	99	TAACT	78054de6-e08b-44a4-923d-d86d33bbb202	unmod	0.0112064965
NM_001363963.2	195	GAACA	78054de6-e08b-44a4-923d-d86d33bbb202	unmod	0.015826825
NM_001363963.2	201	AGACA	78054de6-e08b-44a4-923d-d86d33bbb202	unmod	0.031874113
NM_001363963.2	227	GAACA	78054de6-e08b-44a4-923d-d86d33bbb202	unmod	0.006720671
NM_001363963.2	325	GGACA	78054de6-e08b-44a4-923d-d86d33bbb202	unmod	0.035890214
NM_001363963.2	363	GGACT	78054de6-e08b-44a4-923d-d86d33bbb202	mod	0.7518129
NM_001363963.2	502	AGACA	78054de6-e08b-44a4-923d-d86d33bbb202	unmod	0.03128805
NM_001363963.2	534	AGACC	78054de6-e08b-44a4-923d-d86d33bbb202	unmod	0.2256561
NM_001363963.2	605	TAACA	78054de6-e08b-44a4-923d-d86d33bbb202	unmod	0.43114322
NM_001363963.2	623	TAACA	78054de6-e08b-44a4-923d-d86d33bbb202	unmod	0.4092064
NM_001363963.2	633	GGACC	78054de6-e08b-44a4-923d-d86d33bbb202	unmod	0.28788233
NM_001363963.2	638	TGACC	78054de6-e08b-44a4-923d-d86d33bbb202	unmod	0.15050597
NM_001363963.2	669	AGACA	78054de6-e08b-44a4-923d-d86d33bbb202	mod	0.6789152
NM_001363963.2	752	GAACA	78054de6-e08b-44a4-923d-d86d33bbb202	unmod	0.010051334
XM_011545789.2	2355	GGACA	4748cfc8-3e4c-4ad4-827d-c52725d2a4bd	unmod	0.20608234
XM_011545789.2	2395	TGACC	4748cfc8-3e4c-4ad4-827d-c52725d2a4bd	mod	0.9621433
XM_011545789.2	2414	GGACT	4748cfc8-3e4c-4ad4-827d-c52725d2a4bd	mod	0.93693453
XM_011545789.2	2447	GAACA	4748cfc8-3e4c-4ad4-827d-c52725d2a4bd	mod	0.8727258
XM_011545789.2	2559	GGACA	4748cfc8-3e4c-4ad4-827d-c52725d2a4bd	mod	0.67102444
XM_011545789.2	2699	TGACT	4748cfc8-3e4c-4ad4-827d-c52725d2a4bd	unmod	0.18443953
XM_011545789.2	2837	GGACC	4748cfc8-3e4c-4ad4-827d-c52725d2a4bd	unmod	0.13624388
XM_011545789.2	2954	GGACA	4748cfc8-3e4c-4ad4-827d-c52725d2a4bd	mod	0.7757274
XM_011545789.2	3017	AAACC	4748cfc8-3e4c-4ad4-827d-c52725d2a4bd	unmod	0.03551638
XM_011545789.2	3066	GGACC	4748cfc8-3e4c-4ad4-827d-c52725d2a4bd	unmod	0.43085834
XM_011545789.2	3152	GAACC	4748cfc8-3e4c-4ad4-827d-c52725d2a4bd	unmod	0.2620659
XM_011545789.2	3220	GAACC	4748cfc8-3e4c-4ad4-827d-c52725d2a4bd	unmod	0.15256722
NM_001346463.2	2199	GAACC	af8ae5aa-5239-4ce1-89bb-27bc41441f0a	unmod	0.041724402
NM_001346463.2	2205	AGACC	af8ae5aa-5239-4ce1-89bb-27bc41441f0a	unmod	0.20497118
NM_001346463.2	2471	GGACC	af8ae5aa-5239-4ce1-89bb-27bc41441f0a	mod	0.86569136
NM_001346463.2	2479	GGACA	af8ae5aa-5239-4ce1-89bb-27bc41441f0a	mod	0.8511724
NM_001346463.2	2574	GGACC	af8ae5aa-5239-4ce1-89bb-27bc41441f0a	unmod	0.1679907
NM_001346463.2	2607	TAACA	af8ae5aa-5239-4ce1-89bb-27bc41441f0a	unmod	0.077459335
NM_001346463.2	2611	AGACC	af8ae5aa-5239-4ce1-89bb-27bc41441f0a	unmod	0.1933015
NM_001346463.2	2628	AAACA	af8ae5aa-5239-4ce1-89bb-27bc41441f0a	unmod	0.04561809
NM_001346463.2	2637	TAACT	af8ae5aa-5239-4ce1-89bb-27bc41441f0a	mod	0.85481566
NM_001321397.3	930	AAACA	ec37e080-6f3f-424e-bd9d-89e2bd6027a6	mod	0.9684124
NM_001321397.3	969	AAACA	ec37e080-6f3f-424e-bd9d-89e2bd6027a6	unmod	0.0072500543
NM_001321397.3	1027	AGACC	ec37e080-6f3f-424e-bd9d-89e2bd6027a6	unmod	0.074544035
NM_001321397.3	1070	GGACT	ec37e080-6f3f-424e-bd9d-89e2bd6027a6	mod	0.65238947
NM_001321397.3	1164	AAACT	ec37e080-6f3f-424e-bd9d-89e2bd6027a6	mod	0.6157484
NM_001321397.3	1202	GGACA	ec37e080-6f3f-424e-bd9d-89e2bd6027a6	mod	0.59496444
NM_001321397.3	1319	TGACT	ec37e080-6f3f-424e-bd9d-89e2bd6027a6	mod	0.5400449
NM_001321397.3	1361	GGACA	ec37e080-6f3f-424e-bd9d-89e2bd6027a6	unmod	0.29356277
NM_001321397.3	1443	GGACC	ec37e080-6f3f-424e-bd9d-89e2bd6027a6	mod	0.90606874
NM_001321397.3	1618	TGACT	ec37e080-6f3f-424e-bd9d-89e2bd6027a6	mod	0.8099937
NM_001321397.3	1654	GAACC	ec37e080-6f3f-424e-bd9d-89e2bd6027a6	unmod	0.17741153
NM_001321397.3	1738	GAACT	ec37e080-6f3f-424e-bd9d-89e2bd6027a6	unmod	0.023119504
NM_001321397.3	1784	GGACA	ec37e080-6f3f-424e-bd9d-89e2bd6027a6	mod	0.7093389
NM_001321397.3	1884	AGACC	ec37e080-6f3f-424e-bd9d-89e2bd6027a6	mod	0.6888401
NM_001321397.3	1899	TAACC	ec37e080-6f3f-424e-bd9d-89e2bd6027a6	mod	0.7232887
NM_001321397.3	1917	GGACA	ec37e080-6f3f-424e-bd9d-89e2bd6027a6	mod	0.7219876
NM_001321485.2	64	GAACC	ec1a002c-c4f8-4daf-8c54-d1329d7e8c72	mod	0.649619
NM_001321485.2	187	GAACT	ec1a002c-c4f8-4daf-8c54-d1329d7e8c72	unmod	0.057039406
NM_001321485.2	215	GAACT	ec1a002c-c4f8-4daf-8c54-d1329d7e8c72	mod	0.9256682
NM_001321485.2	274	TGACC	ec1a002c-c4f8-4daf-8c54-d1329d7e8c72	mod	0.6942582
NM_001321485.2	395	GGACC	ec1a002c-c4f8-4daf-8c54-d1329d7e8c72	mod	0.7113794
NM_001321485.2	414	AAACT	ec1a002c-c4f8-4daf-8c54-d1329d7e8c72	mod	0.939766
NM_001321485.2	418	TGACA	ec1a002c-c4f8-4daf-8c54-d1329d7e8c72	mod	0.93387055
NM_001321485.2	429	GGACA	ec1a002c-c4f8-4daf-8c54-d1329d7e8c72	mod	0.91726875
NM_001321485.2	443	GGACA	ec1a002c-c4f8-4daf-8c54-d1329d7e8c72	mod	0.80930054
NM_001321485.2	456	GGACA	ec1a002c-c4f8-4daf-8c54-d1329d7e8c72	mod	0.6470957
NM_001321485.2	488	GAACA	ec1a002c-c4f8-4daf-8c54-d1329d7e8c72	mod	0.51952165
NM_001321485.2	492	AAACC	ec1a002c-c4f8-4daf-8c54-d1329d7e8c72	mod	0.8930305
XM_011532252.3	743	AGACA	175d53fc-7a8e-4842-9cad-7e96bc18f8fd	unmod	0.48417583
XM_011532252.3	762	GGACT	175d53fc-7a8e-4842-9cad-7e96bc18f8fd	mod	0.7538597
XM_011532252.3	780	AGACA	175d53fc-7a8e-4842-9cad-7e96bc18f8fd	unmod	0.031068768
XM_011532252.3	809	AGACC	175d53fc-7a8e-4842-9cad-7e96bc18f8fd	unmod	0.40620354
XM_011532252.3	825	GAACT	175d53fc-7a8e-4842-9cad-7e96bc18f8fd	unmod	0.17091636
XM_011532252.3	834	GAACT	175d53fc-7a8e-4842-9cad-7e96bc18f8fd	unmod	0.30414474
XM_011532252.3	853	AGACT	175d53fc-7a8e-4842-9cad-7e96bc18f8fd	unmod	0.030816715
XM_011532252.3	889	GGACC	175d53fc-7a8e-4842-9cad-7e96bc18f8fd	mod	0.7104359
XM_011532252.3	903	GAACT	175d53fc-7a8e-4842-9cad-7e96bc18f8fd	unmod	0.12841126
XM_011532252.3	950	TGACC	175d53fc-7a8e-4842-9cad-7e96bc18f8fd	mod	0.8383521
XM_011532252.3	1032	AAACT	175d53fc-7a8e-4842-9cad-7e96bc18f8fd	unmod	0.3922622
XM_011532252.3	1126	AAACA	175d53fc-7a8e-4842-9cad-7e96bc18f8fd	unmod	0.021709815
XM_011532252.3	1164	GAACT	175d53fc-7a8e-4842-9cad-7e96bc18f8fd	unmod	0.042838626
XM_011532252.3	1203	GAACC	175d53fc-7a8e-4842-9cad-7e96bc18f8fd	unmod	0.04895235
XM_011532252.3	1438	AAACA	175d53fc-7a8e-4842-9cad-7e96bc18f8fd	unmod	0.29496947
XM_011532252.3	1489	TGACA	175d53fc-7a8e-4842-9cad-7e96bc18f8fd	unmod	0.051304713
XM_011532252.3	1503	GAACA	175d53fc-7a8e-4842-9cad-7e96bc18f8fd	unmod	0.0045152404
XM_011532252.3	1514	AAACT	175d53fc-7a8e-4842-9cad-7e96bc18f8fd	unmod	0.08758137
XM_011532252.3	1569	GGACC	175d53fc-7a8e-4842-9cad-7e96bc18f8fd	mod	0.83528334
XM_011532252.3	1575	AGACC	175d53fc-7a8e-4842-9cad-7e96bc18f8fd	unmod	0.13949294
XM_011532252.3	1645	GGACT	175d53fc-7a8e-4842-9cad-7e96bc18f8fd	mod	0.71016693
XM_011532252.3	1736	GAACA	175d53fc-7a8e-4842-9cad-7e96bc18f8fd	unmod	0.058640793
XM_011532252.3	1756	TAACA	175d53fc-7a8e-4842-9cad-7e96bc18f8fd	unmod	0.0016400167
XM_011532252.3	1770	AAACC	175d53fc-7a8e-4842-9cad-7e96bc18f8fd	unmod	0.047255713
XM_011532252.3	1778	TGACA	175d53fc-7a8e-4842-9cad-7e96bc18f8fd	unmod	0.09077137
XM_011532252.3	1868	AAACA	175d53fc-7a8e-4842-9cad-7e96bc18f8fd	unmod	0.09245506
XM_011532252.3	1911	GAACT	175d53fc-7a8e-4842-9cad-7e96bc18f8fd	mod	0.651368
XM_011532252.3	2012	AGACA	175d53fc-7a8e-4842-9cad-7e96bc18f8fd	unmod	0.14304891
XM_011532252.3	2038	AAACA	175d53fc-7a8e-4842-9cad-7e96bc18f8fd	unmod	0.04684221
XM_011532252.3	2087	GAACA	175d53fc-7a8e-4842-9cad-7e96bc18f8fd	unmod	0.030693311
XM_011532252.3	2118	GAACA	175d53fc-7a8e-4842-9cad-7e96bc18f8fd	unmod	0.018612066
XM_011532252.3	2131	AAACT	175d53fc-7a8e-4842-9cad-7e96bc18f8fd	unmod	0.016821697
XM_011532252.3	2148	GAACA	175d53fc-7a8e-4842-9cad-7e96bc18f8fd	mod	0.6434327
XM_011532252.3	2174	AGACC	175d53fc-7a8e-4842-9cad-7e96bc18f8fd	unmod	0.12924486
XM_011532252.3	2179	AGACA	175d53fc-7a8e-4842-9cad-7e96bc18f8fd	unmod	0.35750943
XM_011532252.3	2220	AAACA	175d53fc-7a8e-4842-9cad-7e96bc18f8fd	mod	0.92370766
XM_011532252.3	2327	TAACA	175d53fc-7a8e-4842-9cad-7e96bc18f8fd	unmod	0.14889757
XM_011532252.3	2432	TAACT	175d53fc-7a8e-4842-9cad-7e96bc18f8fd	mod	0.77036744
XM_011532252.3	2440	AAACA	175d53fc-7a8e-4842-9cad-7e96bc18f8fd	unmod	0.010534041
XM_011532252.3	2459	GAACC	175d53fc-7a8e-4842-9cad-7e96bc18f8fd	unmod	0.04501836
XM_011532252.3	2554	GGACT	175d53fc-7a8e-4842-9cad-7e96bc18f8fd	mod	0.84491557
XM_011532252.3	2636	TAACA	175d53fc-7a8e-4842-9cad-7e96bc18f8fd	unmod	0.2655613
XM_011532252.3	2696	AAACA	175d53fc-7a8e-4842-9cad-7e96bc18f8fd	unmod	0.308491
XM_011532252.3	2747	GAACT	175d53fc-7a8e-4842-9cad-7e96bc18f8fd	unmod	0.16880964
XM_011532252.3	2758	AGACT	175d53fc-7a8e-4842-9cad-7e96bc18f8fd	mod	0.71122384
XM_011532252.3	2791	TAACA	175d53fc-7a8e-4842-9cad-7e96bc18f8fd	unmod	0.0028499083
XM_011532252.3	2872	GAACT	175d53fc-7a8e-4842-9cad-7e96bc18f8fd	unmod	0.24593228
XM_011532252.3	2995	AGACC	175d53fc-7a8e-4842-9cad-7e96bc18f8fd	mod	0.5804839
XM_011532252.3	3112	AGACC	175d53fc-7a8e-4842-9cad-7e96bc18f8fd	unmod	0.06040072
XM_011532252.3	3118	AGACT	175d53fc-7a8e-4842-9cad-7e96bc18f8fd	unmod	0.117344216
XM_011532252.3	3149	AAACA	175d53fc-7a8e-4842-9cad-7e96bc18f8fd	unmod	0.0037111507
XM_011532252.3	3259	GGACA	175d53fc-7a8e-4842-9cad-7e96bc18f8fd	unmod	0.32627797
XM_011532252.3	3271	TAACA	175d53fc-7a8e-4842-9cad-7e96bc18f8fd	unmod	0.0070429128
XM_011532252.3	3337	AGACC	175d53fc-7a8e-4842-9cad-7e96bc18f8fd	unmod	0.23349026
XM_011532252.3	3381	AGACA	175d53fc-7a8e-4842-9cad-7e96bc18f8fd	unmod	0.03449377
XM_011532252.3	3467	AGACA	175d53fc-7a8e-4842-9cad-7e96bc18f8fd	unmod	0.07696314
XM_011532252.3	3656	GAACT	175d53fc-7a8e-4842-9cad-7e96bc18f8fd	mod	0.7700813
XM_011532252.3	3663	TGACC	175d53fc-7a8e-4842-9cad-7e96bc18f8fd	unmod	0.03283834
XM_011532252.3	3820	AAACT	175d53fc-7a8e-4842-9cad-7e96bc18f8fd	unmod	0.14047313
XM_011532252.3	3896	AGACA	175d53fc-7a8e-4842-9cad-7e96bc18f8fd	unmod	0.01814726
XM_011532252.3	3997	TAACA	175d53fc-7a8e-4842-9cad-7e96bc18f8fd	unmod	0.065565825
XM_011532252.3	4090	AGACA	175d53fc-7a8e-4842-9cad-7e96bc18f8fd	unmod	0.051322322
XM_011532252.3	4179	AAACA	175d53fc-7a8e-4842-9cad-7e96bc18f8fd	unmod	0.038248584
XM_011532252.3	4201	GGACT	175d53fc-7a8e-4842-9cad-7e96bc18f8fd	mod	0.88512087
XM_011532252.3	4245	TAACA	175d53fc-7a8e-4842-9cad-7e96bc18f8fd	unmod	0.28202257
XM_011532252.3	4278	TGACA	175d53fc-7a8e-4842-9cad-7e96bc18f8fd	unmod	0.17989281
XM_011532252.3	4299	TAACC	175d53fc-7a8e-4842-9cad-7e96bc18f8fd	unmod	0.42473617
XM_011532252.3	4350	AAACA	175d53fc-7a8e-4842-9cad-7e96bc18f8fd	unmod	0.0071722763
XM_011532252.3	4430	TAACT	175d53fc-7a8e-4842-9cad-7e96bc18f8fd	unmod	0.26635557
XM_017004733.1	1029	TGACA	733b0601-b4ff-411d-8135-fa5caff2b31e	unmod	0.27175084
XM_017004733.1	1193	TGACC	733b0601-b4ff-411d-8135-fa5caff2b31e	mod	0.94644946
XM_017004733.1	1213	GAACA	733b0601-b4ff-411d-8135-fa5caff2b31e	unmod	0.0088174455
XM_017004733.1	1239	TGACA	733b0601-b4ff-411d-8135-fa5caff2b31e	unmod	0.22817968
XM_017004733.1	1313	TGACC	733b0601-b4ff-411d-8135-fa5caff2b31e	mod	0.8184048
XM_017004733.1	1329	GAACC	733b0601-b4ff-411d-8135-fa5caff2b31e	unmod	0.03957775
XM_017004733.1	1355	TGACC	733b0601-b4ff-411d-8135-fa5caff2b31e	unmod	0.03754626
XM_017004733.1	1373	AGACC	733b0601-b4ff-411d-8135-fa5caff2b31e	unmod	0.0416791
XM_017004733.1	1458	GGACT	733b0601-b4ff-411d-8135-fa5caff2b31e	mod	0.5964498
XM_017004733.1	1533	AGACC	733b0601-b4ff-411d-8135-fa5caff2b31e	unmod	0.42646086
XM_017004733.1	1549	GAACT	733b0601-b4ff-411d-8135-fa5caff2b31e	unmod	0.03602343
XM_017004733.1	1553	TGACT	733b0601-b4ff-411d-8135-fa5caff2b31e	unmod	0.11645545
XM_017004733.1	1557	TGACT	733b0601-b4ff-411d-8135-fa5caff2b31e	unmod	0.017959328
XM_017004733.1	1629	TGACA	733b0601-b4ff-411d-8135-fa5caff2b31e	unmod	0.058342636
XM_017004733.1	1662	GGACT	733b0601-b4ff-411d-8135-fa5caff2b31e	unmod	0.06668036
XM_017004733.1	1826	AAACT	733b0601-b4ff-411d-8135-fa5caff2b31e	unmod	0.0044725053
XM_017004733.1	1860	GGACA	733b0601-b4ff-411d-8135-fa5caff2b31e	unmod	0.064720735
XM_017004733.1	1872	AGACC	733b0601-b4ff-411d-8135-fa5caff2b31e	unmod	0.022820365
XM_017004733.1	2130	GGACT	733b0601-b4ff-411d-8135-fa5caff2b31e	unmod	0.07194016
XM_017004733.1	2136	TGACT	733b0601-b4ff-411d-8135-fa5caff2b31e	unmod	0.025717871
XM_017004733.1	2162	TGACA	733b0601-b4ff-411d-8135-fa5caff2b31e	unmod	0.13197578
XM_017004733.1	2167	AAACC	733b0601-b4ff-411d-8135-fa5caff2b31e	unmod	0.105775945
XM_017004733.1	2172	AAACT	733b0601-b4ff-411d-8135-fa5caff2b31e	unmod	0.22874057
XM_017004733.1	2184	AAACA	733b0601-b4ff-411d-8135-fa5caff2b31e	unmod	0.0066441996
XM_017004733.1	2253	TGACT	733b0601-b4ff-411d-8135-fa5caff2b31e	unmod	0.09734753
XM_017004733.1	2268	AAACC	733b0601-b4ff-411d-8135-fa5caff2b31e	unmod	0.033953946
XM_017004733.1	2286	TGACA	733b0601-b4ff-411d-8135-fa5caff2b31e	mod	0.56510013
XM_017004733.1	2338	GGACT	733b0601-b4ff-411d-8135-fa5caff2b31e	mod	0.8239116
XM_024448545.1	145	AAACA	38b90b6c-e383-464c-be95-1b62d497420b	mod	0.9445601
XM_024448545.1	165	AGACC	38b90b6c-e383-464c-be95-1b62d497420b	unmod	0.14609158
XM_024448545.1	330	TGACC	38b90b6c-e383-464c-be95-1b62d497420b	mod	0.9739292
XM_024448545.1	361	GGACC	38b90b6c-e383-464c-be95-1b62d497420b	mod	0.9151454
XM_024448545.1	431	TGACA	38b90b6c-e383-464c-be95-1b62d497420b	unmod	0.17135833
XM_024448545.1	437	AGACA	38b90b6c-e383-464c-be95-1b62d497420b	unmod	0.23944624
XM_024448545.1	442	AGACA	38b90b6c-e383-464c-be95-1b62d497420b	mod	0.909928
XM_024448545.1	486	GAACC	38b90b6c-e383-464c-be95-1b62d497420b	unmod	0.42727566
XM_024448545.1	501	GGACT	38b90b6c-e383-464c-be95-1b62d497420b	mod	0.5293501
XM_024448545.1	547	AAACA	38b90b6c-e383-464c-be95-1b62d497420b	unmod	0.10380021
XM_024448545.1	555	AAACA	38b90b6c-e383-464c-be95-1b62d497420b	unmod	0.05712582
XM_024448545.1	584	AGACA	38b90b6c-e383-464c-be95-1b62d497420b	unmod	0.054604053
XM_024448545.1	621	GAACT	38b90b6c-e383-464c-be95-1b62d497420b	unmod	0.018820604
XM_024448545.1	649	GGACA	38b90b6c-e383-464c-be95-1b62d497420b	unmod	0.051731408
XM_024448545.1	654	AAACT	38b90b6c-e383-464c-be95-1b62d497420b	unmod	0.009641954
XM_024448545.1	663	GAACT	38b90b6c-e383-464c-be95-1b62d497420b	unmod	0.060728095
XM_024448545.1	740	GGACC	38b90b6c-e383-464c-be95-1b62d497420b	mod	0.9284989
XM_024448545.1	759	AAACA	38b90b6c-e383-464c-be95-1b62d497420b	unmod	0.0037117836
XM_024448545.1	776	AAACC	38b90b6c-e383-464c-be95-1b62d497420b	unmod	0.03621791
XM_024448545.1	791	TGACA	38b90b6c-e383-464c-be95-1b62d497420b	unmod	0.018648542
XM_024448545.1	849	GAACA	38b90b6c-e383-464c-be95-1b62d497420b	unmod	0.20353512
XM_024448545.1	857	TGACA	38b90b6c-e383-464c-be95-1b62d497420b	unmod	0.10810502
XM_024448545.1	862	AGACT	38b90b6c-e383-464c-be95-1b62d497420b	unmod	0.2743477
XM_024448545.1	903	GAACA	38b90b6c-e383-464c-be95-1b62d497420b	unmod	0.017546771
XM_024448545.1	928	AAACA	38b90b6c-e383-464c-be95-1b62d497420b	unmod	0.003313147
XM_024448545.1	1054	AGACT	38b90b6c-e383-464c-be95-1b62d497420b	unmod	0.04216001
XM_024448545.1	1076	TGACT	38b90b6c-e383-464c-be95-1b62d497420b	mod	0.70098406
XM_024448545.1	1082	TGACC	38b90b6c-e383-464c-be95-1b62d497420b	unmod	0.20562276
XM_024448545.1	1090	AGACA	38b90b6c-e383-464c-be95-1b62d497420b	mod	0.85425246
XM_024448545.1	1137	GAACA	38b90b6c-e383-464c-be95-1b62d497420b	unmod	0.009615835
XM_024448545.1	1184	TGACC	38b90b6c-e383-464c-be95-1b62d497420b	unmod	0.1917212
XM_024448545.1	1245	GAACA	38b90b6c-e383-464c-be95-1b62d497420b	unmod	0.020790385
XM_024448545.1	1271	TAACA	38b90b6c-e383-464c-be95-1b62d497420b	mod	0.53397197
XM_024448545.1	1277	AGACA	38b90b6c-e383-464c-be95-1b62d497420b	unmod	0.12738514
XM_024448545.1	1288	TGACT	38b90b6c-e383-464c-be95-1b62d497420b	mod	0.7665614
XM_024448545.1	1351	AGACA	38b90b6c-e383-464c-be95-1b62d497420b	unmod	0.079610854
XM_024448545.1	1386	GAACT	38b90b6c-e383-464c-be95-1b62d497420b	mod	0.7473485
XM_024448545.1	1428	GAACT	38b90b6c-e383-464c-be95-1b62d497420b	unmod	0.05964606
XM_024448545.1	1458	AAACA	38b90b6c-e383-464c-be95-1b62d497420b	unmod	0.037313286
XM_024448545.1	1539	GAACA	38b90b6c-e383-464c-be95-1b62d497420b	unmod	0.011056602
NM_001387701.1	3707	AGACC	89f1c24a-ceb7-4641-a9be-3572ff23ea7c	unmod	0.4303771
NM_001387701.1	3810	GGACC	89f1c24a-ceb7-4641-a9be-3572ff23ea7c	mod	0.9238287
NM_001387701.1	3839	GGACC	89f1c24a-ceb7-4641-a9be-3572ff23ea7c	mod	0.7988125
NM_001387701.1	3862	AAACC	89f1c24a-ceb7-4641-a9be-3572ff23ea7c	unmod	0.15305498
NM_001387701.1	3985	GGACC	89f1c24a-ceb7-4641-a9be-3572ff23ea7c	mod	0.8354538
NM_001387701.1	3997	GAACA	89f1c24a-ceb7-4641-a9be-3572ff23ea7c	unmod	0.28516087
NM_001387701.1	4022	GAACT	89f1c24a-ceb7-4641-a9be-3572ff23ea7c	mod	0.9562631
NM_001387701.1	4031	AAACA	89f1c24a-ceb7-4641-a9be-3572ff23ea7c	mod	0.9067262
NM_001387701.1	4059	TGACT	89f1c24a-ceb7-4641-a9be-3572ff23ea7c	unmod	0.054869123
NM_001387701.1	4110	AGACC	89f1c24a-ceb7-4641-a9be-3572ff23ea7c	unmod	0.43975392
NM_001387701.1	4257	GGACT	89f1c24a-ceb7-4641-a9be-3572ff23ea7c	unmod	0.17524958
NM_001387701.1	4353	AGACC	89f1c24a-ceb7-4641-a9be-3572ff23ea7c	unmod	0.056270357
NM_001387701.1	4458	AGACT	89f1c24a-ceb7-4641-a9be-3572ff23ea7c	mod	0.9096319
NM_001387701.1	4706	GGACT	89f1c24a-ceb7-4641-a9be-3572ff23ea7c	unmod	0.47912285
NM_001387701.1	4809	TGACT	89f1c24a-ceb7-4641-a9be-3572ff23ea7c	unmod	0.09860913
NM_001387701.1	4856	AGACC	89f1c24a-ceb7-4641-a9be-3572ff23ea7c	unmod	0.3541741
NM_001387701.1	4888	TAACT	89f1c24a-ceb7-4641-a9be-3572ff23ea7c	mod	0.9342901
NM_001387701.1	4892	TGACC	89f1c24a-ceb7-4641-a9be-3572ff23ea7c	mod	0.94494367
NM_001387701.1	4933	AAACC	89f1c24a-ceb7-4641-a9be-3572ff23ea7c	unmod	0.012113355
NM_001387701.1	4947	GAACC	89f1c24a-ceb7-4641-a9be-3572ff23ea7c	unmod	0.13968262
NM_001387701.1	4977	AAACA	89f1c24a-ceb7-4641-a9be-3572ff23ea7c	unmod	0.3831698
NM_001387701.1	5020	AAACC	89f1c24a-ceb7-4641-a9be-3572ff23ea7c	unmod	0.062114216
NM_001387701.1	5127	TAACA	89f1c24a-ceb7-4641-a9be-3572ff23ea7c	unmod	0.042616002
NM_001387701.1	5216	TAACT	89f1c24a-ceb7-4641-a9be-3572ff23ea7c	mod	0.94129276
NM_001387701.1	5296	GGACT	89f1c24a-ceb7-4641-a9be-3572ff23ea7c	unmod	0.3296559
NM_001387701.1	5366	TAACT	89f1c24a-ceb7-4641-a9be-3572ff23ea7c	unmod	0.09240548
NM_001387701.1	5389	TGACT	89f1c24a-ceb7-4641-a9be-3572ff23ea7c	mod	0.8232238
NM_001387701.1	5438	GAACA	89f1c24a-ceb7-4641-a9be-3572ff23ea7c	mod	0.9758513
NM_001387701.1	5492	GAACC	89f1c24a-ceb7-4641-a9be-3572ff23ea7c	unmod	0.02955245
NM_001387701.1	5582	AGACC	89f1c24a-ceb7-4641-a9be-3572ff23ea7c	unmod	0.3491679
NM_001387701.1	5633	GGACA	89f1c24a-ceb7-4641-a9be-3572ff23ea7c	mod	0.7986157
NM_001387701.1	5648	GAACC	89f1c24a-ceb7-4641-a9be-3572ff23ea7c	unmod	0.29569823
NM_001387701.1	5712	GGACT	89f1c24a-ceb7-4641-a9be-3572ff23ea7c	unmod	0.083139114
NM_001387701.1	5732	AGACT	89f1c24a-ceb7-4641-a9be-3572ff23ea7c	mod	0.66569513
NM_001387701.1	5797	TGACA	89f1c24a-ceb7-4641-a9be-3572ff23ea7c	mod	0.5187198
NM_001387701.1	5813	AAACT	89f1c24a-ceb7-4641-a9be-3572ff23ea7c	unmod	0.020536829
NM_001286579.2	2873	AGACT	a909a44b-f342-4e34-8d23-67f686ff5193	mod	0.90962845
NM_001286579.2	2931	TAACT	a909a44b-f342-4e34-8d23-67f686ff5193	mod	0.91605014
NM_001286579.2	2941	TAACT	a909a44b-f342-4e34-8d23-67f686ff5193	unmod	0.18761267
NM_001286579.2	2970	TAACA	a909a44b-f342-4e34-8d23-67f686ff5193	mod	0.90291476
NM_001286579.2	2984	AAACC	a909a44b-f342-4e34-8d23-67f686ff5193	mod	0.90788907
NM_001286579.2	2999	TAACA	a909a44b-f342-4e34-8d23-67f686ff5193	mod	0.72080964
NM_001286579.2	3015	AAACT	a909a44b-f342-4e34-8d23-67f686ff5193	unmod	0.4294705
NM_001286579.2	3070	TGACA	a909a44b-f342-4e34-8d23-67f686ff5193	mod	0.9121336
NM_001286579.2	3085	TAACC	a909a44b-f342-4e34-8d23-67f686ff5193	unmod	0.12712075
NM_001286579.2	3142	TAACA	a909a44b-f342-4e34-8d23-67f686ff5193	unmod	0.3062357
NM_001286579.2	3153	TGACC	a909a44b-f342-4e34-8d23-67f686ff5193	mod	0.81489474
NM_001286579.2	3226	TGACT	a909a44b-f342-4e34-8d23-67f686ff5193	mod	0.9141005
NM_001286579.2	3363	GGACC	a909a44b-f342-4e34-8d23-67f686ff5193	mod	0.86137474
NM_001286579.2	3374	AAACA	a909a44b-f342-4e34-8d23-67f686ff5193	unmod	0.13045153
NM_001286579.2	3458	AAACT	a909a44b-f342-4e34-8d23-67f686ff5193	mod	0.8641954
NM_001286579.2	3546	TAACC	a909a44b-f342-4e34-8d23-67f686ff5193	mod	0.5916516
NM_001286579.2	3612	AAACA	a909a44b-f342-4e34-8d23-67f686ff5193	mod	0.88277936
NM_001286579.2	3790	GAACA	a909a44b-f342-4e34-8d23-67f686ff5193	mod	0.8854765
NM_001286579.2	3899	AAACA	a909a44b-f342-4e34-8d23-67f686ff5193	mod	0.6332647
NM_001286579.2	3911	AGACC	a909a44b-f342-4e34-8d23-67f686ff5193	mod	0.8536115
NM_001286579.2	3930	AAACT	a909a44b-f342-4e34-8d23-67f686ff5193	unmod	0.40515763
NM_001286579.2	4081	AGACC	a909a44b-f342-4e34-8d23-67f686ff5193	unmod	0.3471588
NM_001286579.2	4104	AAACC	a909a44b-f342-4e34-8d23-67f686ff5193	mod	0.8700339
NM_001286579.2	4194	GAACT	a909a44b-f342-4e34-8d23-67f686ff5193	unmod	0.017605346
NM_001286579.2	4203	GAACC	a909a44b-f342-4e34-8d23-67f686ff5193	unmod	0.2848892
NM_001286579.2	4272	AGACT	a909a44b-f342-4e34-8d23-67f686ff5193	mod	0.7505257
NM_001286579.2	4394	AGACT	a909a44b-f342-4e34-8d23-67f686ff5193	unmod	0.16043939
NM_001286579.2	4439	GGACA	a909a44b-f342-4e34-8d23-67f686ff5193	mod	0.75202096
NM_001286579.2	4484	AGACA	a909a44b-f342-4e34-8d23-67f686ff5193	unmod	0.043361682
NM_001286579.2	4560	TGACA	a909a44b-f342-4e34-8d23-67f686ff5193	mod	0.8748265
NM_001286579.2	4570	AGACC	a909a44b-f342-4e34-8d23-67f686ff5193	unmod	0.15153305
NM_001286579.2	4742	GAACA	a909a44b-f342-4e34-8d23-67f686ff5193	mod	0.8591357
NM_014364.5	701	TGACT	5c2deee9-e43f-4368-9fd7-294e4fb5b171	unmod	0.17444995
NM_014364.5	707	TAACC	5c2deee9-e43f-4368-9fd7-294e4fb5b171	unmod	0.39960352
NM_014364.5	722	GAACA	5c2deee9-e43f-4368-9fd7-294e4fb5b171	unmod	0.014241171
NM_014364.5	814	TGACC	5c2deee9-e43f-4368-9fd7-294e4fb5b171	unmod	0.16863368
NM_014364.5	847	AGACA	5c2deee9-e43f-4368-9fd7-294e4fb5b171	unmod	0.012556551
NM_014364.5	902	GAACA	5c2deee9-e43f-4368-9fd7-294e4fb5b171	unmod	0.007220722
NM_014364.5	940	TGACC	5c2deee9-e43f-4368-9fd7-294e4fb5b171	unmod	0.22118646
NM_014364.5	973	TGACA	5c2deee9-e43f-4368-9fd7-294e4fb5b171	mod	0.9416107
NM_014364.5	1019	GGACC	5c2deee9-e43f-4368-9fd7-294e4fb5b171	unmod	0.10165477
NM_014364.5	1024	TGACC	5c2deee9-e43f-4368-9fd7-294e4fb5b171	unmod	0.0554277
NM_014364.5	1142	GGACT	5c2deee9-e43f-4368-9fd7-294e4fb5b171	unmod	0.14690731
NM_014364.5	1202	TGACA	5c2deee9-e43f-4368-9fd7-294e4fb5b171	unmod	0.045938466
NR_073024.2	97	AAACA	74842ab2-7ea7-4e41-968f-2a887a854d1b	unmod	0.0483968
NR_073024.2	161	AAACA	74842ab2-7ea7-4e41-968f-2a887a854d1b	unmod	0.01509912
NR_073024.2	200	GAACA	74842ab2-7ea7-4e41-968f-2a887a854d1b	unmod	0.025332535
NR_073024.2	259	GGACC	74842ab2-7ea7-4e41-968f-2a887a854d1b	mod	0.66770214
NR_073024.2	286	AAACC	74842ab2-7ea7-4e41-968f-2a887a854d1b	unmod	0.02933081
NR_073024.2	311	GGACC	74842ab2-7ea7-4e41-968f-2a887a854d1b	unmod	0.25933748
NR_073024.2	469	TGACA	74842ab2-7ea7-4e41-968f-2a887a854d1b	unmod	0.015664766
NR_073024.2	528	AAACA	74842ab2-7ea7-4e41-968f-2a887a854d1b	unmod	0.0064934697
NR_073024.2	549	AAACA	74842ab2-7ea7-4e41-968f-2a887a854d1b	unmod	0.06434778
NR_073024.2	581	TGACA	74842ab2-7ea7-4e41-968f-2a887a854d1b	unmod	0.08922786
NR_073024.2	604	AGACC	74842ab2-7ea7-4e41-968f-2a887a854d1b	unmod	0.14190221
NR_073024.2	612	GGACT	74842ab2-7ea7-4e41-968f-2a887a854d1b	mod	0.6339799
NR_073024.2	636	AGACT	74842ab2-7ea7-4e41-968f-2a887a854d1b	mod	0.5381138
NM_001330440.2	142	GAACC	5cea6b37-8896-439b-8c62-d5b5fe7620b3	unmod	0.098250166
NM_001330440.2	173	GGACC	5cea6b37-8896-439b-8c62-d5b5fe7620b3	unmod	0.27767092
NM_001330440.2	412	GGACC	5cea6b37-8896-439b-8c62-d5b5fe7620b3	unmod	0.13851525
NM_001330440.2	417	AGACC	5cea6b37-8896-439b-8c62-d5b5fe7620b3	unmod	0.11816225
NM_001330440.2	468	TGACA	5cea6b37-8896-439b-8c62-d5b5fe7620b3	unmod	0.11877973
NM_001330440.2	543	GAACT	5cea6b37-8896-439b-8c62-d5b5fe7620b3	unmod	0.14208357
NM_001330440.2	552	GGACC	5cea6b37-8896-439b-8c62-d5b5fe7620b3	unmod	0.4159268
NM_001330440.2	564	GAACC	5cea6b37-8896-439b-8c62-d5b5fe7620b3	unmod	0.08086845
NM_001330440.2	577	GGACA	5cea6b37-8896-439b-8c62-d5b5fe7620b3	unmod	0.059526596
NM_001330440.2	596	GAACT	5cea6b37-8896-439b-8c62-d5b5fe7620b3	unmod	0.020469941
NM_001330440.2	614	AAACT	5cea6b37-8896-439b-8c62-d5b5fe7620b3	unmod	0.039105464
NM_001330440.2	635	AAACA	5cea6b37-8896-439b-8c62-d5b5fe7620b3	unmod	0.04064843
NM_001330440.2	685	GGACA	5cea6b37-8896-439b-8c62-d5b5fe7620b3	unmod	0.03552606
NM_001330440.2	706	TGACA	5cea6b37-8896-439b-8c62-d5b5fe7620b3	mod	0.9491358
NM_001330440.2	750	AGACA	5cea6b37-8896-439b-8c62-d5b5fe7620b3	mod	0.7259228
NM_001330440.2	781	AGACC	5cea6b37-8896-439b-8c62-d5b5fe7620b3	unmod	0.050344605
NM_001330440.2	844	GGACC	5cea6b37-8896-439b-8c62-d5b5fe7620b3	mod	0.83741736
NM_001330440.2	1057	AGACC	5cea6b37-8896-439b-8c62-d5b5fe7620b3	unmod	0.07808409
NM_001330440.2	1110	AGACA	5cea6b37-8896-439b-8c62-d5b5fe7620b3	unmod	0.06448755
NM_001330440.2	1230	AGACC	5cea6b37-8896-439b-8c62-d5b5fe7620b3	unmod	0.15495732
NM_001330440.2	1257	AGACC	5cea6b37-8896-439b-8c62-d5b5fe7620b3	unmod	0.083615035
NM_001330440.2	1300	GGACT	5cea6b37-8896-439b-8c62-d5b5fe7620b3	unmod	0.34269184
NM_001330440.2	1336	AGACC	5cea6b37-8896-439b-8c62-d5b5fe7620b3	unmod	0.19255026
NM_001330440.2	1466	GAACT	5cea6b37-8896-439b-8c62-d5b5fe7620b3	unmod	0.018080171
NM_001330440.2	1472	GAACA	5cea6b37-8896-439b-8c62-d5b5fe7620b3	unmod	0.48681742
NM_001330440.2	1494	TGACC	5cea6b37-8896-439b-8c62-d5b5fe7620b3	unmod	0.089042604
NM_001330440.2	1499	TAACT	5cea6b37-8896-439b-8c62-d5b5fe7620b3	unmod	0.00674285
NM_001330440.2	1543	AGACC	5cea6b37-8896-439b-8c62-d5b5fe7620b3	mod	0.7370131
NM_001330440.2	1574	AGACA	5cea6b37-8896-439b-8c62-d5b5fe7620b3	mod	0.9059472
NM_001330440.2	1752	GGACT	5cea6b37-8896-439b-8c62-d5b5fe7620b3	unmod	0.32454586
NM_001330440.2	1773	TGACA	5cea6b37-8896-439b-8c62-d5b5fe7620b3	mod	0.8765729
NM_001330440.2	1783	AGACA	5cea6b37-8896-439b-8c62-d5b5fe7620b3	unmod	0.22829543
NM_001330440.2	1793	GAACC	5cea6b37-8896-439b-8c62-d5b5fe7620b3	mod	0.8588207
NM_001330440.2	1824	AGACT	5cea6b37-8896-439b-8c62-d5b5fe7620b3	mod	0.58311576
NM_001330440.2	1892	AGACT	5cea6b37-8896-439b-8c62-d5b5fe7620b3	unmod	0.057698976
NM_001330440.2	1912	AAACC	5cea6b37-8896-439b-8c62-d5b5fe7620b3	mod	0.9259035
NM_001330440.2	2169	GGACA	5cea6b37-8896-439b-8c62-d5b5fe7620b3	unmod	0.32870921
NM_001330440.2	2252	GGACT	5cea6b37-8896-439b-8c62-d5b5fe7620b3	unmod	0.17527926
XM_017004733.1	1029	TGACA	9669f690-2951-4ecc-b78c-fe1c5321993d	unmod	0.024762023
XM_017004733.1	1193	TGACC	9669f690-2951-4ecc-b78c-fe1c5321993d	mod	0.94101167
XM_017004733.1	1213	GAACA	9669f690-2951-4ecc-b78c-fe1c5321993d	unmod	0.05046316
XM_017004733.1	1239	TGACA	9669f690-2951-4ecc-b78c-fe1c5321993d	unmod	0.3797962
XM_017004733.1	1313	TGACC	9669f690-2951-4ecc-b78c-fe1c5321993d	unmod	0.43259627
XM_017004733.1	1329	GAACC	9669f690-2951-4ecc-b78c-fe1c5321993d	unmod	0.097508796
XM_017004733.1	1355	TGACC	9669f690-2951-4ecc-b78c-fe1c5321993d	unmod	0.07233718
XM_017004733.1	1373	AGACC	9669f690-2951-4ecc-b78c-fe1c5321993d	mod	0.86159045
XM_017004733.1	1458	GGACT	9669f690-2951-4ecc-b78c-fe1c5321993d	unmod	0.38161483
XM_017004733.1	1533	AGACC	9669f690-2951-4ecc-b78c-fe1c5321993d	unmod	0.2180741
XM_017004733.1	1549	GAACT	9669f690-2951-4ecc-b78c-fe1c5321993d	unmod	0.022020973
XM_017004733.1	1553	TGACT	9669f690-2951-4ecc-b78c-fe1c5321993d	unmod	0.0369297
XM_017004733.1	1557	TGACT	9669f690-2951-4ecc-b78c-fe1c5321993d	unmod	0.21372211
XM_017004733.1	1629	TGACA	9669f690-2951-4ecc-b78c-fe1c5321993d	unmod	0.04838156
XM_017004733.1	1662	GGACT	9669f690-2951-4ecc-b78c-fe1c5321993d	mod	0.5159355
XM_017004733.1	1826	AAACT	9669f690-2951-4ecc-b78c-fe1c5321993d	unmod	0.38806352
XM_017004733.1	1860	GGACA	9669f690-2951-4ecc-b78c-fe1c5321993d	unmod	0.024472117
XM_017004733.1	1872	AGACC	9669f690-2951-4ecc-b78c-fe1c5321993d	unmod	0.021581702
XM_017004733.1	2130	GGACT	9669f690-2951-4ecc-b78c-fe1c5321993d	mod	0.80191326
XM_017004733.1	2136	TGACT	9669f690-2951-4ecc-b78c-fe1c5321993d	mod	0.85220194
XM_017004733.1	2162	TGACA	9669f690-2951-4ecc-b78c-fe1c5321993d	unmod	0.08538035
XM_017004733.1	2167	AAACC	9669f690-2951-4ecc-b78c-fe1c5321993d	unmod	0.07847036
XM_017004733.1	2172	AAACT	9669f690-2951-4ecc-b78c-fe1c5321993d	mod	0.8841336
XM_017004733.1	2184	AAACA	9669f690-2951-4ecc-b78c-fe1c5321993d	unmod	0.26628304
XM_017004733.1	2253	TGACT	9669f690-2951-4ecc-b78c-fe1c5321993d	unmod	0.41140863
XM_017004733.1	2268	AAACC	9669f690-2951-4ecc-b78c-fe1c5321993d	unmod	0.054190263
XM_017004733.1	2286	TGACA	9669f690-2951-4ecc-b78c-fe1c5321993d	unmod	0.057573862
XM_017004733.1	2338	GGACT	9669f690-2951-4ecc-b78c-fe1c5321993d	mod	0.7133761
XM_017004733.1	1029	TGACA	e3a62282-808a-4a5e-9e17-10695d812b0e	unmod	0.07426719
XM_017004733.1	1193	TGACC	e3a62282-808a-4a5e-9e17-10695d812b0e	unmod	0.016083011
XM_017004733.1	1213	GAACA	e3a62282-808a-4a5e-9e17-10695d812b0e	unmod	0.018521896
XM_017004733.1	1239	TGACA	e3a62282-808a-4a5e-9e17-10695d812b0e	unmod	0.029796973
XM_017004733.1	1313	TGACC	e3a62282-808a-4a5e-9e17-10695d812b0e	mod	0.6176686
XM_017004733.1	1329	GAACC	e3a62282-808a-4a5e-9e17-10695d812b0e	mod	0.6465117
XM_017004733.1	1355	TGACC	e3a62282-808a-4a5e-9e17-10695d812b0e	unmod	0.19640584
XM_017004733.1	1373	AGACC	e3a62282-808a-4a5e-9e17-10695d812b0e	unmod	0.3364715
XM_017004733.1	1458	GGACT	e3a62282-808a-4a5e-9e17-10695d812b0e	unmod	0.26666945
XM_017004733.1	1533	AGACC	e3a62282-808a-4a5e-9e17-10695d812b0e	unmod	0.12038109
XM_017004733.1	1549	GAACT	e3a62282-808a-4a5e-9e17-10695d812b0e	unmod	0.13050169
XM_017004733.1	1553	TGACT	e3a62282-808a-4a5e-9e17-10695d812b0e	mod	0.66370046
XM_017004733.1	1557	TGACT	e3a62282-808a-4a5e-9e17-10695d812b0e	unmod	0.15440118
XM_017004733.1	1629	TGACA	e3a62282-808a-4a5e-9e17-10695d812b0e	unmod	0.025332382
XM_017004733.1	1662	GGACT	e3a62282-808a-4a5e-9e17-10695d812b0e	mod	0.6436423
XM_017004733.1	1826	AAACT	e3a62282-808a-4a5e-9e17-10695d812b0e	unmod	0.009611885
XM_017004733.1	1860	GGACA	e3a62282-808a-4a5e-9e17-10695d812b0e	unmod	0.057509847
XM_017004733.1	1872	AGACC	e3a62282-808a-4a5e-9e17-10695d812b0e	unmod	0.024300009
NM_005956.4	63	GGACT	e9ae1cae-b013-4dcf-bbce-02de543e14cb	mod	0.5994687
NM_005956.4	132	AGACT	e9ae1cae-b013-4dcf-bbce-02de543e14cb	mod	0.8799147
NM_005956.4	298	GAACA	e9ae1cae-b013-4dcf-bbce-02de543e14cb	unmod	0.034058075
NM_005956.4	347	AGACT	e9ae1cae-b013-4dcf-bbce-02de543e14cb	unmod	0.42016256
NM_005956.4	404	TAACA	e9ae1cae-b013-4dcf-bbce-02de543e14cb	unmod	0.039528742
NM_005956.4	457	TGACT	e9ae1cae-b013-4dcf-bbce-02de543e14cb	unmod	0.4455111
NM_005956.4	477	AAACT	e9ae1cae-b013-4dcf-bbce-02de543e14cb	unmod	0.1723384
NM_005956.4	491	TGACC	e9ae1cae-b013-4dcf-bbce-02de543e14cb	mod	0.69684017
NM_005956.4	500	TGACT	e9ae1cae-b013-4dcf-bbce-02de543e14cb	mod	0.92438906
NM_005956.4	537	GAACT	e9ae1cae-b013-4dcf-bbce-02de543e14cb	unmod	0.29308125
NM_005956.4	550	AGACA	e9ae1cae-b013-4dcf-bbce-02de543e14cb	unmod	0.06737537
NM_005956.4	623	TGACT	e9ae1cae-b013-4dcf-bbce-02de543e14cb	mod	0.97190607
NM_005956.4	638	GAACA	e9ae1cae-b013-4dcf-bbce-02de543e14cb	unmod	0.04050486
NM_005956.4	652	TGACC	e9ae1cae-b013-4dcf-bbce-02de543e14cb	mod	0.764353
NM_005956.4	670	AGACT	e9ae1cae-b013-4dcf-bbce-02de543e14cb	unmod	0.27423444
NM_005956.4	704	TGACA	e9ae1cae-b013-4dcf-bbce-02de543e14cb	unmod	0.059641086
NM_005956.4	759	AAACC	e9ae1cae-b013-4dcf-bbce-02de543e14cb	unmod	0.117809705
NM_005956.4	813	AAACC	e9ae1cae-b013-4dcf-bbce-02de543e14cb	unmod	0.06692783
NM_005956.4	910	TGACA	e9ae1cae-b013-4dcf-bbce-02de543e14cb	unmod	0.27028215
NM_005956.4	998	TAACA	e9ae1cae-b013-4dcf-bbce-02de543e14cb	unmod	0.002121919
NM_005956.4	1007	TAACC	e9ae1cae-b013-4dcf-bbce-02de543e14cb	unmod	0.143361
NM_005956.4	1015	AGACA	e9ae1cae-b013-4dcf-bbce-02de543e14cb	unmod	0.05215544
NM_005956.4	1031	TGACA	e9ae1cae-b013-4dcf-bbce-02de543e14cb	unmod	0.030580947
NM_005956.4	1056	AAACC	e9ae1cae-b013-4dcf-bbce-02de543e14cb	unmod	0.10627851
NM_005956.4	1126	AAACA	e9ae1cae-b013-4dcf-bbce-02de543e14cb	unmod	0.0049569053
NM_005956.4	1198	TGACT	e9ae1cae-b013-4dcf-bbce-02de543e14cb	unmod	0.028190902
NM_005956.4	1207	TAACT	e9ae1cae-b013-4dcf-bbce-02de543e14cb	unmod	0.047859978
NM_005956.4	1409	TGACA	e9ae1cae-b013-4dcf-bbce-02de543e14cb	unmod	0.023732029
NM_005956.4	1436	TAACC	e9ae1cae-b013-4dcf-bbce-02de543e14cb	unmod	0.0071966085
NM_005956.4	1476	GAACT	e9ae1cae-b013-4dcf-bbce-02de543e14cb	unmod	0.14258273
NM_005956.4	1480	TGACC	e9ae1cae-b013-4dcf-bbce-02de543e14cb	unmod	0.07955462
NM_005956.4	1486	AGACA	e9ae1cae-b013-4dcf-bbce-02de543e14cb	unmod	0.017137757
NM_005956.4	1490	AGACA	e9ae1cae-b013-4dcf-bbce-02de543e14cb	unmod	0.018443031
NM_005956.4	1547	TGACA	e9ae1cae-b013-4dcf-bbce-02de543e14cb	unmod	0.028208444
NM_005956.4	1572	AGACT	e9ae1cae-b013-4dcf-bbce-02de543e14cb	unmod	0.034275766
NM_005956.4	1588	AGACT	e9ae1cae-b013-4dcf-bbce-02de543e14cb	unmod	0.030853212
NM_005956.4	1592	TGACC	e9ae1cae-b013-4dcf-bbce-02de543e14cb	unmod	0.4974944
NM_005956.4	1606	TGACA	e9ae1cae-b013-4dcf-bbce-02de543e14cb	unmod	0.18606558
NM_005956.4	1622	AAACA	e9ae1cae-b013-4dcf-bbce-02de543e14cb	unmod	0.08195255
NM_005956.4	1640	GGACA	e9ae1cae-b013-4dcf-bbce-02de543e14cb	mod	0.91696125
NM_005956.4	1654	AAACC	e9ae1cae-b013-4dcf-bbce-02de543e14cb	unmod	0.00763552
NM_005956.4	1660	TAACT	e9ae1cae-b013-4dcf-bbce-02de543e14cb	unmod	0.2931193
NM_005956.4	1716	GGACA	e9ae1cae-b013-4dcf-bbce-02de543e14cb	unmod	0.15572709
NM_005956.4	1817	AGACA	e9ae1cae-b013-4dcf-bbce-02de543e14cb	unmod	0.16060697
NM_005956.4	1830	AGACT	e9ae1cae-b013-4dcf-bbce-02de543e14cb	unmod	0.101443954
NM_005956.4	1909	TGACA	e9ae1cae-b013-4dcf-bbce-02de543e14cb	unmod	0.020700496
NM_005956.4	1951	AGACA	e9ae1cae-b013-4dcf-bbce-02de543e14cb	mod	0.52532804
NM_005956.4	2030	AGACC	e9ae1cae-b013-4dcf-bbce-02de543e14cb	unmod	0.062883675
NM_005956.4	2096	AGACA	e9ae1cae-b013-4dcf-bbce-02de543e14cb	mod	0.66674256
NM_005956.4	2120	TAACA	e9ae1cae-b013-4dcf-bbce-02de543e14cb	unmod	0.31338176
NM_005956.4	2223	GGACT	e9ae1cae-b013-4dcf-bbce-02de543e14cb	unmod	0.2938919
NM_005956.4	2255	GAACC	e9ae1cae-b013-4dcf-bbce-02de543e14cb	unmod	0.021217778
NM_005956.4	2285	TAACT	e9ae1cae-b013-4dcf-bbce-02de543e14cb	unmod	0.11578173
NM_005956.4	2295	AAACA	e9ae1cae-b013-4dcf-bbce-02de543e14cb	unmod	0.012947149
NM_005956.4	2378	GGACC	e9ae1cae-b013-4dcf-bbce-02de543e14cb	unmod	0.34064016
NM_005956.4	2403	GAACA	e9ae1cae-b013-4dcf-bbce-02de543e14cb	unmod	0.22737424
NM_005956.4	2525	TGACC	e9ae1cae-b013-4dcf-bbce-02de543e14cb	mod	0.85893637
NM_005956.4	2588	TGACA	e9ae1cae-b013-4dcf-bbce-02de543e14cb	unmod	0.05165906
NM_005956.4	2674	AAACA	e9ae1cae-b013-4dcf-bbce-02de543e14cb	unmod	0.4254669
NM_005956.4	2811	GGACT	e9ae1cae-b013-4dcf-bbce-02de543e14cb	mod	0.8697556
NM_005956.4	2849	GGACC	e9ae1cae-b013-4dcf-bbce-02de543e14cb	unmod	0.2409839
NM_005956.4	2857	AAACA	e9ae1cae-b013-4dcf-bbce-02de543e14cb	unmod	0.08473977
NM_005956.4	2862	GAACA	e9ae1cae-b013-4dcf-bbce-02de543e14cb	unmod	0.009284472
NM_005956.4	2884	AAACA	e9ae1cae-b013-4dcf-bbce-02de543e14cb	unmod	0.13674475
NM_005956.4	3007	AAACT	e9ae1cae-b013-4dcf-bbce-02de543e14cb	unmod	0.013607651
NM_005956.4	3069	TAACA	e9ae1cae-b013-4dcf-bbce-02de543e14cb	unmod	0.28155592
NM_005956.4	3123	AAACA	e9ae1cae-b013-4dcf-bbce-02de543e14cb	unmod	0.0036717972
NR_073024.2	97	AAACA	31d0f785-b8b5-4151-b86a-b735359d4332	unmod	0.05077948
NR_073024.2	161	AAACA	31d0f785-b8b5-4151-b86a-b735359d4332	unmod	0.0070449077
NR_073024.2	200	GAACA	31d0f785-b8b5-4151-b86a-b735359d4332	unmod	0.047068696
NR_073024.2	259	GGACC	31d0f785-b8b5-4151-b86a-b735359d4332	mod	0.87666726
NR_073024.2	286	AAACC	31d0f785-b8b5-4151-b86a-b735359d4332	unmod	0.10621127
NR_073024.2	311	GGACC	31d0f785-b8b5-4151-b86a-b735359d4332	unmod	0.079338364
NR_073024.2	469	TGACA	31d0f785-b8b5-4151-b86a-b735359d4332	unmod	0.008857019
NR_073024.2	528	AAACA	31d0f785-b8b5-4151-b86a-b735359d4332	unmod	0.0013698942
NR_073024.2	549	AAACA	31d0f785-b8b5-4151-b86a-b735359d4332	unmod	0.0033097507
NR_073024.2	581	TGACA	31d0f785-b8b5-4151-b86a-b735359d4332	unmod	0.06421498
NR_073024.2	604	AGACC	31d0f785-b8b5-4151-b86a-b735359d4332	unmod	0.093434654
NR_073024.2	612	GGACT	31d0f785-b8b5-4151-b86a-b735359d4332	mod	0.62280744
NR_073024.2	636	AGACT	31d0f785-b8b5-4151-b86a-b735359d4332	unmod	0.068555914
NM_001321485.2	64	GAACC	ade58d11-f37d-4679-9dd7-07d1124adc66	unmod	0.17391902
NM_001321485.2	187	GAACT	ade58d11-f37d-4679-9dd7-07d1124adc66	unmod	0.035528842
NM_001321485.2	215	GAACT	ade58d11-f37d-4679-9dd7-07d1124adc66	mod	0.9414415
NM_001321485.2	274	TGACC	ade58d11-f37d-4679-9dd7-07d1124adc66	unmod	0.18142287
NM_001321485.2	395	GGACC	ade58d11-f37d-4679-9dd7-07d1124adc66	unmod	0.3728086
NM_001321485.2	414	AAACT	ade58d11-f37d-4679-9dd7-07d1124adc66	mod	0.99892575
NM_001321485.2	418	TGACA	ade58d11-f37d-4679-9dd7-07d1124adc66	unmod	0.309156
NM_001321485.2	429	GGACA	ade58d11-f37d-4679-9dd7-07d1124adc66	unmod	0.06011049
NM_001321485.2	443	GGACA	ade58d11-f37d-4679-9dd7-07d1124adc66	unmod	0.15935834
NM_001321485.2	456	GGACA	ade58d11-f37d-4679-9dd7-07d1124adc66	unmod	0.42928427
NM_001321485.2	488	GAACA	ade58d11-f37d-4679-9dd7-07d1124adc66	unmod	0.005232943
NM_001321485.2	492	AAACC	ade58d11-f37d-4679-9dd7-07d1124adc66	unmod	0.09028459
XM_006720125.3	883	AAACC	f39b1bce-7744-4684-934b-af4e5a94c976	unmod	0.021820914
XM_006720125.3	896	AAACA	f39b1bce-7744-4684-934b-af4e5a94c976	mod	0.8742254
XM_006720125.3	925	AGACA	f39b1bce-7744-4684-934b-af4e5a94c976	unmod	0.27248532
XM_006720125.3	944	GAACT	f39b1bce-7744-4684-934b-af4e5a94c976	mod	0.9159591
XM_006720125.3	1148	TAACC	f39b1bce-7744-4684-934b-af4e5a94c976	mod	0.83059824
XM_006720125.3	1172	GAACC	f39b1bce-7744-4684-934b-af4e5a94c976	mod	0.87836933
XM_006720125.3	1229	TGACT	f39b1bce-7744-4684-934b-af4e5a94c976	unmod	0.08085986
XM_006720125.3	1235	GGACT	f39b1bce-7744-4684-934b-af4e5a94c976	mod	0.7956159
XM_006720125.3	1241	TGACT	f39b1bce-7744-4684-934b-af4e5a94c976	mod	0.7702141
XM_006720125.3	1253	GGACT	f39b1bce-7744-4684-934b-af4e5a94c976	mod	0.8624831
XM_006720125.3	1352	AAACA	f39b1bce-7744-4684-934b-af4e5a94c976	unmod	0.001722145
XM_006720125.3	1395	GGACA	f39b1bce-7744-4684-934b-af4e5a94c976	unmod	0.025398022
XM_006720125.3	1436	TGACC	f39b1bce-7744-4684-934b-af4e5a94c976	unmod	0.11253961
XM_006720125.3	1462	TGACC	f39b1bce-7744-4684-934b-af4e5a94c976	unmod	0.039696276
XM_006720125.3	1473	AAACA	f39b1bce-7744-4684-934b-af4e5a94c976	unmod	0.0032588774
XM_006720125.3	1499	AAACC	f39b1bce-7744-4684-934b-af4e5a94c976	unmod	0.007959358
XM_006720125.3	1521	GAACA	f39b1bce-7744-4684-934b-af4e5a94c976	unmod	0.006899939
XM_006720125.3	1530	AAACA	f39b1bce-7744-4684-934b-af4e5a94c976	unmod	0.0050253537
XM_006720125.3	1600	AGACT	f39b1bce-7744-4684-934b-af4e5a94c976	unmod	0.024687447
XM_006720125.3	1637	TGACT	f39b1bce-7744-4684-934b-af4e5a94c976	unmod	0.44272652
XM_006720125.3	1655	GGACC	f39b1bce-7744-4684-934b-af4e5a94c976	mod	0.6711164
XM_006720125.3	1694	TGACC	f39b1bce-7744-4684-934b-af4e5a94c976	unmod	0.07673922
XM_006720125.3	1748	TGACA	f39b1bce-7744-4684-934b-af4e5a94c976	unmod	0.011358602
XM_006720125.3	1754	AGACA	f39b1bce-7744-4684-934b-af4e5a94c976	unmod	0.012262632
XM_006720125.3	1775	TGACT	f39b1bce-7744-4684-934b-af4e5a94c976	mod	0.61783195
NM_033301.3	178	GGACA	ba5a12eb-3ca6-401f-a16c-0044187f7ad9	unmod	0.18951352
NM_033301.3	297	GGACA	ba5a12eb-3ca6-401f-a16c-0044187f7ad9	unmod	0.4611115
NM_033301.3	522	AGACC	ba5a12eb-3ca6-401f-a16c-0044187f7ad9	unmod	0.41678733
NM_033301.3	552	GAACT	ba5a12eb-3ca6-401f-a16c-0044187f7ad9	unmod	0.022728931
NM_033301.3	584	AGACC	ba5a12eb-3ca6-401f-a16c-0044187f7ad9	unmod	0.15578714
NM_033301.3	593	AGACC	ba5a12eb-3ca6-401f-a16c-0044187f7ad9	unmod	0.056158498
NM_033301.3	684	TGACA	ba5a12eb-3ca6-401f-a16c-0044187f7ad9	mod	0.93054634
NM_033301.3	688	AAACC	ba5a12eb-3ca6-401f-a16c-0044187f7ad9	unmod	0.013405154
NM_033301.3	738	GAACT	ba5a12eb-3ca6-401f-a16c-0044187f7ad9	unmod	0.11818771
NM_033301.3	884	GGACT	ba5a12eb-3ca6-401f-a16c-0044187f7ad9	unmod	0.1336946
NM_033301.3	902	GAACC	ba5a12eb-3ca6-401f-a16c-0044187f7ad9	unmod	0.32236767
NM_033301.3	908	AGACT	ba5a12eb-3ca6-401f-a16c-0044187f7ad9	unmod	0.008216937
NM_033301.3	927	GAACT	ba5a12eb-3ca6-401f-a16c-0044187f7ad9	unmod	0.031540126
NR_073024.2	97	AAACA	6da3c219-e84a-4008-b17d-73f4b0fa2b10	unmod	0.04579733
NR_073024.2	161	AAACA	6da3c219-e84a-4008-b17d-73f4b0fa2b10	unmod	0.10533363
NR_073024.2	200	GAACA	6da3c219-e84a-4008-b17d-73f4b0fa2b10	unmod	0.39229074
NR_073024.2	259	GGACC	6da3c219-e84a-4008-b17d-73f4b0fa2b10	mod	0.7021322
NR_073024.2	286	AAACC	6da3c219-e84a-4008-b17d-73f4b0fa2b10	unmod	0.037144456
NR_073024.2	311	GGACC	6da3c219-e84a-4008-b17d-73f4b0fa2b10	unmod	0.26709327
NR_073024.2	469	TGACA	6da3c219-e84a-4008-b17d-73f4b0fa2b10	unmod	0.029929077
NR_073024.2	528	AAACA	6da3c219-e84a-4008-b17d-73f4b0fa2b10	unmod	0.22031614
NR_073024.2	549	AAACA	6da3c219-e84a-4008-b17d-73f4b0fa2b10	unmod	0.0046885735
NR_073024.2	581	TGACA	6da3c219-e84a-4008-b17d-73f4b0fa2b10	mod	0.73398906
NR_073024.2	604	AGACC	6da3c219-e84a-4008-b17d-73f4b0fa2b10	mod	0.6089773
NR_073024.2	612	GGACT	6da3c219-e84a-4008-b17d-73f4b0fa2b10	mod	0.93118787
NR_073024.2	636	AGACT	6da3c219-e84a-4008-b17d-73f4b0fa2b10	mod	0.69980717
NM_001382534.1	100	GGACC	90cc2657-0a4d-448b-8b50-bd25b3a01c81	mod	0.7888842
NM_001382534.1	211	GAACA	90cc2657-0a4d-448b-8b50-bd25b3a01c81	mod	0.8259517
NM_001382534.1	275	GAACA	90cc2657-0a4d-448b-8b50-bd25b3a01c81	mod	0.8397423
NM_001382534.1	283	AGACT	90cc2657-0a4d-448b-8b50-bd25b3a01c81	mod	0.83054626
NM_001382534.1	297	GAACC	90cc2657-0a4d-448b-8b50-bd25b3a01c81	mod	0.92998534
NM_001382534.1	331	AAACA	90cc2657-0a4d-448b-8b50-bd25b3a01c81	mod	0.865533
NM_001382534.1	404	AAACC	90cc2657-0a4d-448b-8b50-bd25b3a01c81	mod	0.65302753
NM_001382534.1	422	TGACA	90cc2657-0a4d-448b-8b50-bd25b3a01c81	mod	0.9425969
NM_001382534.1	440	GGACA	90cc2657-0a4d-448b-8b50-bd25b3a01c81	mod	0.9015804
NM_001382534.1	610	TGACT	90cc2657-0a4d-448b-8b50-bd25b3a01c81	mod	0.756596
NM_001382534.1	622	TGACC	90cc2657-0a4d-448b-8b50-bd25b3a01c81	mod	0.89994395
NM_001382534.1	662	AGACC	90cc2657-0a4d-448b-8b50-bd25b3a01c81	unmod	0.47617772
NM_001382534.1	700	AGACA	90cc2657-0a4d-448b-8b50-bd25b3a01c81	mod	0.7549163
NM_001382534.1	779	AGACT	90cc2657-0a4d-448b-8b50-bd25b3a01c81	unmod	0.129858
NM_001382534.1	827	AGACT	90cc2657-0a4d-448b-8b50-bd25b3a01c81	unmod	0.2592966
NM_001382534.1	893	GGACC	90cc2657-0a4d-448b-8b50-bd25b3a01c81	mod	0.96568364
NM_001382534.1	911	TGACA	90cc2657-0a4d-448b-8b50-bd25b3a01c81	unmod	0.46982336
NM_001382534.1	929	TGACT	90cc2657-0a4d-448b-8b50-bd25b3a01c81	unmod	0.46641606
NM_001382534.1	954	GAACC	90cc2657-0a4d-448b-8b50-bd25b3a01c81	unmod	0.12498391
NM_001382534.1	980	AGACA	90cc2657-0a4d-448b-8b50-bd25b3a01c81	mod	0.94327575
NM_001382534.1	1054	AGACC	90cc2657-0a4d-448b-8b50-bd25b3a01c81	mod	0.93299836
NM_001382534.1	1133	GGACA	90cc2657-0a4d-448b-8b50-bd25b3a01c81	mod	0.8468717
NM_001382534.1	1178	GAACC	90cc2657-0a4d-448b-8b50-bd25b3a01c81	unmod	0.08317651
NM_001382534.1	1201	AGACT	90cc2657-0a4d-448b-8b50-bd25b3a01c81	mod	0.8593576
NM_001382534.1	1279	AGACC	90cc2657-0a4d-448b-8b50-bd25b3a01c81	mod	0.75790226
NM_001382534.1	1313	TGACC	90cc2657-0a4d-448b-8b50-bd25b3a01c81	mod	0.94247586
NM_001382534.1	1337	GAACT	90cc2657-0a4d-448b-8b50-bd25b3a01c81	mod	0.8376331
NM_001382534.1	1361	TGACC	90cc2657-0a4d-448b-8b50-bd25b3a01c81	mod	0.675012
NM_001382534.1	1400	GAACA	90cc2657-0a4d-448b-8b50-bd25b3a01c81	mod	0.63052785
NM_001382534.1	1451	TGACC	90cc2657-0a4d-448b-8b50-bd25b3a01c81	mod	0.8528596
NM_001382534.1	1489	TGACA	90cc2657-0a4d-448b-8b50-bd25b3a01c81	unmod	0.16618891
NM_001382534.1	1520	GAACC	90cc2657-0a4d-448b-8b50-bd25b3a01c81	unmod	0.12243624
NM_001382534.1	1616	GGACC	90cc2657-0a4d-448b-8b50-bd25b3a01c81	mod	0.8654942
NM_001382534.1	1642	AGACC	90cc2657-0a4d-448b-8b50-bd25b3a01c81	mod	0.7762785
NM_001382534.1	1736	AGACA	90cc2657-0a4d-448b-8b50-bd25b3a01c81	unmod	0.46441042
NM_001382534.1	1800	GGACT	90cc2657-0a4d-448b-8b50-bd25b3a01c81	mod	0.9439556
NM_001382534.1	1829	TAACA	90cc2657-0a4d-448b-8b50-bd25b3a01c81	mod	0.6471361
NM_001382534.1	1853	AAACA	90cc2657-0a4d-448b-8b50-bd25b3a01c81	unmod	0.3251732
NM_001382534.1	1870	AGACT	90cc2657-0a4d-448b-8b50-bd25b3a01c81	unmod	0.27073383
NM_001382534.1	1958	GGACT	90cc2657-0a4d-448b-8b50-bd25b3a01c81	mod	0.66395944
NM_001382534.1	2126	GAACA	90cc2657-0a4d-448b-8b50-bd25b3a01c81	mod	0.7633641
NM_001382534.1	2138	GAACC	90cc2657-0a4d-448b-8b50-bd25b3a01c81	mod	0.78385365
NM_001382534.1	2153	GAACC	90cc2657-0a4d-448b-8b50-bd25b3a01c81	mod	0.6733728
NM_001382534.1	2296	TGACA	90cc2657-0a4d-448b-8b50-bd25b3a01c81	mod	0.6510837
NM_001382534.1	2304	TGACC	90cc2657-0a4d-448b-8b50-bd25b3a01c81	mod	0.54015243
NM_001382534.1	2313	GGACT	90cc2657-0a4d-448b-8b50-bd25b3a01c81	mod	0.5012249
NM_001382534.1	2321	GGACT	90cc2657-0a4d-448b-8b50-bd25b3a01c81	mod	0.606621
NM_001382534.1	2344	GAACT	90cc2657-0a4d-448b-8b50-bd25b3a01c81	unmod	0.20085719
NM_001382534.1	2388	TAACA	90cc2657-0a4d-448b-8b50-bd25b3a01c81	unmod	0.04533324
NM_001382534.1	2406	AAACC	90cc2657-0a4d-448b-8b50-bd25b3a01c81	unmod	0.016793868
NM_001382534.1	2473	AAACC	90cc2657-0a4d-448b-8b50-bd25b3a01c81	unmod	0.12154099
NM_001382534.1	2497	TGACA	90cc2657-0a4d-448b-8b50-bd25b3a01c81	unmod	0.20472819
NM_001382534.1	2548	AGACT	90cc2657-0a4d-448b-8b50-bd25b3a01c81	mod	0.7800017
NM_001382534.1	2700	GAACT	90cc2657-0a4d-448b-8b50-bd25b3a01c81	mod	0.82038873
NM_001382534.1	2729	AGACC	90cc2657-0a4d-448b-8b50-bd25b3a01c81	mod	0.50743127
NM_001382534.1	2753	GGACC	90cc2657-0a4d-448b-8b50-bd25b3a01c81	mod	0.78838515
NM_001382534.1	2948	TGACA	90cc2657-0a4d-448b-8b50-bd25b3a01c81	unmod	0.24905294
NM_001382534.1	3042	GGACT	90cc2657-0a4d-448b-8b50-bd25b3a01c81	mod	0.9228756
NM_001382534.1	3061	TGACC	90cc2657-0a4d-448b-8b50-bd25b3a01c81	mod	0.7081197
NM_001382534.1	3118	TGACA	90cc2657-0a4d-448b-8b50-bd25b3a01c81	unmod	0.2091432
NM_001382534.1	3135	AGACC	90cc2657-0a4d-448b-8b50-bd25b3a01c81	mod	0.86028165
NM_001382534.1	3171	GAACA	90cc2657-0a4d-448b-8b50-bd25b3a01c81	unmod	0.40300494
NM_001382534.1	3223	AAACT	90cc2657-0a4d-448b-8b50-bd25b3a01c81	mod	0.76069885
NM_001382534.1	3236	GGACA	90cc2657-0a4d-448b-8b50-bd25b3a01c81	mod	0.93390423
NM_001382534.1	3255	GAACA	90cc2657-0a4d-448b-8b50-bd25b3a01c81	unmod	0.20979296
NM_001382534.1	3364	TAACC	90cc2657-0a4d-448b-8b50-bd25b3a01c81	unmod	0.022511384
NM_001382534.1	3392	TGACT	90cc2657-0a4d-448b-8b50-bd25b3a01c81	mod	0.96434236
NM_001382534.1	3432	TGACC	90cc2657-0a4d-448b-8b50-bd25b3a01c81	mod	0.80220455
NM_001382534.1	3469	AAACT	90cc2657-0a4d-448b-8b50-bd25b3a01c81	mod	0.8950599
NM_001382534.1	3482	AAACT	90cc2657-0a4d-448b-8b50-bd25b3a01c81	mod	0.9055834
NM_001382534.1	3521	AAACA	90cc2657-0a4d-448b-8b50-bd25b3a01c81	mod	0.65776914
NM_033301.3	178	GGACA	ee369b5b-d492-4842-8bd8-d9309bd4fa5f	mod	0.67627937
NM_033301.3	297	GGACA	ee369b5b-d492-4842-8bd8-d9309bd4fa5f	unmod	0.071498744
NM_033301.3	522	AGACC	ee369b5b-d492-4842-8bd8-d9309bd4fa5f	unmod	0.2840738
NM_033301.3	552	GAACT	ee369b5b-d492-4842-8bd8-d9309bd4fa5f	unmod	0.0076700514
NM_033301.3	584	AGACC	ee369b5b-d492-4842-8bd8-d9309bd4fa5f	unmod	0.06490468
NM_033301.3	593	AGACC	ee369b5b-d492-4842-8bd8-d9309bd4fa5f	unmod	0.027530424
NM_033301.3	684	TGACA	ee369b5b-d492-4842-8bd8-d9309bd4fa5f	unmod	0.033876855
NM_033301.3	688	AAACC	ee369b5b-d492-4842-8bd8-d9309bd4fa5f	unmod	0.15031281
NM_033301.3	738	GAACT	ee369b5b-d492-4842-8bd8-d9309bd4fa5f	unmod	0.054452203
NM_033301.3	884	GGACT	ee369b5b-d492-4842-8bd8-d9309bd4fa5f	unmod	0.21634836
NM_033301.3	902	GAACC	ee369b5b-d492-4842-8bd8-d9309bd4fa5f	unmod	0.097922206
NM_033301.3	908	AGACT	ee369b5b-d492-4842-8bd8-d9309bd4fa5f	unmod	0.007219652
NM_033301.3	927	GAACT	ee369b5b-d492-4842-8bd8-d9309bd4fa5f	unmod	0.015458356
NM_001267557.2	146	GGACC	479f706a-3761-42ff-a639-8f8ee6d38f4f	unmod	0.04672734
NM_001267557.2	188	AGACA	479f706a-3761-42ff-a639-8f8ee6d38f4f	unmod	0.16040494
NM_001267557.2	209	AGACA	479f706a-3761-42ff-a639-8f8ee6d38f4f	unmod	0.4509291
NM_001267557.2	254	TGACC	479f706a-3761-42ff-a639-8f8ee6d38f4f	mod	0.86512667
NM_001267557.2	287	TGACA	479f706a-3761-42ff-a639-8f8ee6d38f4f	unmod	0.20541593
NM_001267557.2	414	GAACA	479f706a-3761-42ff-a639-8f8ee6d38f4f	unmod	0.053702343
NM_001267557.2	447	TGACC	479f706a-3761-42ff-a639-8f8ee6d38f4f	mod	0.7654826
NM_001267557.2	573	GGACC	479f706a-3761-42ff-a639-8f8ee6d38f4f	mod	0.79070497
NM_001267557.2	648	AGACA	479f706a-3761-42ff-a639-8f8ee6d38f4f	mod	0.8489248
NM_001267557.2	663	TGACT	479f706a-3761-42ff-a639-8f8ee6d38f4f	mod	0.72300917
NM_001267557.2	798	TAACA	479f706a-3761-42ff-a639-8f8ee6d38f4f	unmod	0.029094845
NM_001267557.2	805	GAACT	479f706a-3761-42ff-a639-8f8ee6d38f4f	mod	0.54517335
NM_001384611.1	141	AAACT	7182f6b4-3031-4701-bfea-f3919e830661	unmod	0.004359109
NM_001384611.1	152	GGACA	7182f6b4-3031-4701-bfea-f3919e830661	unmod	0.25511712
NM_001384611.1	161	GAACA	7182f6b4-3031-4701-bfea-f3919e830661	unmod	0.019422038
NM_001384611.1	226	GGACC	7182f6b4-3031-4701-bfea-f3919e830661	unmod	0.29789746
NM_001384611.1	266	TGACC	7182f6b4-3031-4701-bfea-f3919e830661	unmod	0.19743207
NM_001384611.1	461	GAACT	7182f6b4-3031-4701-bfea-f3919e830661	unmod	0.12372335
NM_001384611.1	738	AAACC	7182f6b4-3031-4701-bfea-f3919e830661	unmod	0.0048221466
NM_001384611.1	754	AGACC	7182f6b4-3031-4701-bfea-f3919e830661	unmod	0.073167466
NM_001384611.1	779	GGACC	7182f6b4-3031-4701-bfea-f3919e830661	unmod	0.07752103
NM_001384611.1	827	TAACA	7182f6b4-3031-4701-bfea-f3919e830661	unmod	0.03767207
NM_001384611.1	856	AGACA	7182f6b4-3031-4701-bfea-f3919e830661	unmod	0.17847708
NM_001384611.1	877	TGACC	7182f6b4-3031-4701-bfea-f3919e830661	unmod	0.043917857
NM_001384611.1	914	TGACC	7182f6b4-3031-4701-bfea-f3919e830661	unmod	0.23426187
NM_001384611.1	1112	GGACT	7182f6b4-3031-4701-bfea-f3919e830661	unmod	0.063532986
NM_001384611.1	1132	GGACA	7182f6b4-3031-4701-bfea-f3919e830661	unmod	0.030923301
NM_001384611.1	1164	AAACT	7182f6b4-3031-4701-bfea-f3919e830661	unmod	0.0069424994
NM_001384611.1	1180	AGACT	7182f6b4-3031-4701-bfea-f3919e830661	unmod	0.12571765
NM_001384611.1	1184	TGACA	7182f6b4-3031-4701-bfea-f3919e830661	unmod	0.024482364
NM_001384611.1	1282	GGACC	7182f6b4-3031-4701-bfea-f3919e830661	unmod	0.054427113
NM_001384611.1	1319	GGACC	7182f6b4-3031-4701-bfea-f3919e830661	unmod	0.38585618
NM_001384611.1	1484	TGACA	7182f6b4-3031-4701-bfea-f3919e830661	unmod	0.022465471
NM_001384611.1	1555	AGACC	7182f6b4-3031-4701-bfea-f3919e830661	unmod	0.1418247
NM_033301.3	178	GGACA	ffa6a10b-adb3-4ccf-937b-3115fd25b25b	unmod	0.11363911
NM_033301.3	297	GGACA	ffa6a10b-adb3-4ccf-937b-3115fd25b25b	mod	0.763646
NM_033301.3	522	AGACC	ffa6a10b-adb3-4ccf-937b-3115fd25b25b	unmod	0.11682554
NM_033301.3	552	GAACT	ffa6a10b-adb3-4ccf-937b-3115fd25b25b	unmod	0.023716759
NM_033301.3	584	AGACC	ffa6a10b-adb3-4ccf-937b-3115fd25b25b	unmod	0.14336161
NM_033301.3	593	AGACC	ffa6a10b-adb3-4ccf-937b-3115fd25b25b	unmod	0.14275059
NM_033301.3	684	TGACA	ffa6a10b-adb3-4ccf-937b-3115fd25b25b	unmod	0.0076699466
NM_033301.3	688	AAACC	ffa6a10b-adb3-4ccf-937b-3115fd25b25b	unmod	0.0053955573
NM_033301.3	738	GAACT	ffa6a10b-adb3-4ccf-937b-3115fd25b25b	unmod	0.052645892
NM_033301.3	884	GGACT	ffa6a10b-adb3-4ccf-937b-3115fd25b25b	mod	0.65720654
NM_033301.3	902	GAACC	ffa6a10b-adb3-4ccf-937b-3115fd25b25b	unmod	0.011567135
NM_033301.3	908	AGACT	ffa6a10b-adb3-4ccf-937b-3115fd25b25b	unmod	0.018369105
NM_033301.3	927	GAACT	ffa6a10b-adb3-4ccf-937b-3115fd25b25b	mod	0.75650233
NM_001143883.4	76	TGACA	292718a6-b1c2-4238-9a71-9ba52ce7f24f	unmod	0.08191254
NM_001143883.4	119	AAACT	292718a6-b1c2-4238-9a71-9ba52ce7f24f	mod	0.551529
NM_001143883.4	130	AGACA	292718a6-b1c2-4238-9a71-9ba52ce7f24f	unmod	0.08380786
NM_001143883.4	144	AGACA	292718a6-b1c2-4238-9a71-9ba52ce7f24f	unmod	0.04032746
NM_001143883.4	154	AAACT	292718a6-b1c2-4238-9a71-9ba52ce7f24f	unmod	0.020397505
NM_001143883.4	247	TGACT	292718a6-b1c2-4238-9a71-9ba52ce7f24f	mod	0.95154136
NM_001143883.4	274	TGACA	292718a6-b1c2-4238-9a71-9ba52ce7f24f	mod	0.9494238
NM_001143883.4	310	GAACC	292718a6-b1c2-4238-9a71-9ba52ce7f24f	unmod	0.05231302
NM_001143883.4	362	GGACC	292718a6-b1c2-4238-9a71-9ba52ce7f24f	unmod	0.16006522
NM_001143883.4	405	AGACT	292718a6-b1c2-4238-9a71-9ba52ce7f24f	unmod	0.03299004
NM_001143883.4	504	AGACC	292718a6-b1c2-4238-9a71-9ba52ce7f24f	unmod	0.048739497
NM_001143883.4	529	TGACT	292718a6-b1c2-4238-9a71-9ba52ce7f24f	unmod	0.24266367
NM_001143883.4	536	GGACA	292718a6-b1c2-4238-9a71-9ba52ce7f24f	unmod	0.069683984
NM_001143883.4	554	TGACT	292718a6-b1c2-4238-9a71-9ba52ce7f24f	unmod	0.08642462
NM_001143883.4	579	AGACC	292718a6-b1c2-4238-9a71-9ba52ce7f24f	unmod	0.13830766
NM_001321485.2	64	GAACC	6ed64cb1-37c5-4ad8-aacd-9549b3988365	unmod	0.096091546
NM_001321485.2	187	GAACT	6ed64cb1-37c5-4ad8-aacd-9549b3988365	unmod	0.036919277
NM_001321485.2	215	GAACT	6ed64cb1-37c5-4ad8-aacd-9549b3988365	mod	0.94339174
NM_001321485.2	274	TGACC	6ed64cb1-37c5-4ad8-aacd-9549b3988365	mod	0.9455991
NM_001321485.2	395	GGACC	6ed64cb1-37c5-4ad8-aacd-9549b3988365	mod	0.5431245
NM_001321485.2	414	AAACT	6ed64cb1-37c5-4ad8-aacd-9549b3988365	unmod	0.078081734
NM_001321485.2	418	TGACA	6ed64cb1-37c5-4ad8-aacd-9549b3988365	unmod	0.085479066
NM_001321485.2	429	GGACA	6ed64cb1-37c5-4ad8-aacd-9549b3988365	unmod	0.28762916
NM_001321485.2	443	GGACA	6ed64cb1-37c5-4ad8-aacd-9549b3988365	mod	0.91922444
NM_001321485.2	456	GGACA	6ed64cb1-37c5-4ad8-aacd-9549b3988365	mod	0.589668
NM_001321485.2	488	GAACA	6ed64cb1-37c5-4ad8-aacd-9549b3988365	unmod	0.024736324
NM_001321485.2	492	AAACC	6ed64cb1-37c5-4ad8-aacd-9549b3988365	unmod	0.1595851
XM_017004733.1	1193	TGACC	069b8a69-f188-46ab-82ba-457991ed80f4	unmod	0.24111913
XM_017004733.1	1213	GAACA	069b8a69-f188-46ab-82ba-457991ed80f4	unmod	0.38803613
XM_017004733.1	1239	TGACA	069b8a69-f188-46ab-82ba-457991ed80f4	unmod	0.25453225
XM_017004733.1	1313	TGACC	069b8a69-f188-46ab-82ba-457991ed80f4	mod	0.94430065
XM_017004733.1	1329	GAACC	069b8a69-f188-46ab-82ba-457991ed80f4	unmod	0.035017483
XM_017004733.1	1355	TGACC	069b8a69-f188-46ab-82ba-457991ed80f4	mod	0.6067085
XM_017004733.1	1373	AGACC	069b8a69-f188-46ab-82ba-457991ed80f4	mod	0.6065815
XM_017004733.1	1458	GGACT	069b8a69-f188-46ab-82ba-457991ed80f4	mod	0.9404788
XM_017004733.1	1533	AGACC	069b8a69-f188-46ab-82ba-457991ed80f4	mod	0.93498397
XM_017004733.1	1549	GAACT	069b8a69-f188-46ab-82ba-457991ed80f4	unmod	0.3210783
XM_017004733.1	1553	TGACT	069b8a69-f188-46ab-82ba-457991ed80f4	unmod	0.1818709
XM_017004733.1	1557	TGACT	069b8a69-f188-46ab-82ba-457991ed80f4	mod	0.8138935
XM_017004733.1	1629	TGACA	069b8a69-f188-46ab-82ba-457991ed80f4	mod	0.8629422
XM_017004733.1	1662	GGACT	069b8a69-f188-46ab-82ba-457991ed80f4	unmod	0.37155503
XM_017004733.1	1826	AAACT	069b8a69-f188-46ab-82ba-457991ed80f4	unmod	0.30082032
XM_017004733.1	1860	GGACA	069b8a69-f188-46ab-82ba-457991ed80f4	mod	0.603755
XM_017004733.1	1872	AGACC	069b8a69-f188-46ab-82ba-457991ed80f4	mod	0.8743629
NM_033301.3	178	GGACA	2665f3b9-3e78-4c03-9296-2f9f69d7fbe1	mod	0.58009726
NM_033301.3	297	GGACA	2665f3b9-3e78-4c03-9296-2f9f69d7fbe1	unmod	0.03315286
NM_033301.3	522	AGACC	2665f3b9-3e78-4c03-9296-2f9f69d7fbe1	unmod	0.1364726
NM_033301.3	552	GAACT	2665f3b9-3e78-4c03-9296-2f9f69d7fbe1	unmod	0.023615485
NM_033301.3	584	AGACC	2665f3b9-3e78-4c03-9296-2f9f69d7fbe1	mod	0.5997822
NM_033301.3	593	AGACC	2665f3b9-3e78-4c03-9296-2f9f69d7fbe1	unmod	0.3231072
NM_033301.3	684	TGACA	2665f3b9-3e78-4c03-9296-2f9f69d7fbe1	unmod	0.016459767
NM_033301.3	688	AAACC	2665f3b9-3e78-4c03-9296-2f9f69d7fbe1	unmod	0.014688947
NM_033301.3	738	GAACT	2665f3b9-3e78-4c03-9296-2f9f69d7fbe1	unmod	0.021115009
NM_033301.3	884	GGACT	2665f3b9-3e78-4c03-9296-2f9f69d7fbe1	unmod	0.22273333
NM_033301.3	902	GAACC	2665f3b9-3e78-4c03-9296-2f9f69d7fbe1	unmod	0.15971585
NM_033301.3	908	AGACT	2665f3b9-3e78-4c03-9296-2f9f69d7fbe1	unmod	0.04916814
NM_033301.3	927	GAACT	2665f3b9-3e78-4c03-9296-2f9f69d7fbe1	unmod	0.023474164
NM_001321485.2	64	GAACC	ee17725b-943c-41cd-ac3e-972462dc5c73	mod	0.88216996
NM_001321485.2	187	GAACT	ee17725b-943c-41cd-ac3e-972462dc5c73	unmod	0.0042176745
NM_001321485.2	215	GAACT	ee17725b-943c-41cd-ac3e-972462dc5c73	mod	0.93219227
NM_001321485.2	274	TGACC	ee17725b-943c-41cd-ac3e-972462dc5c73	unmod	0.26320565
NM_001321485.2	395	GGACC	ee17725b-943c-41cd-ac3e-972462dc5c73	unmod	0.12255665
NM_001321485.2	414	AAACT	ee17725b-943c-41cd-ac3e-972462dc5c73	unmod	0.008103746
NM_001321485.2	418	TGACA	ee17725b-943c-41cd-ac3e-972462dc5c73	unmod	0.020926462
NM_001321485.2	429	GGACA	ee17725b-943c-41cd-ac3e-972462dc5c73	unmod	0.33785233
NM_001321485.2	443	GGACA	ee17725b-943c-41cd-ac3e-972462dc5c73	unmod	0.10219213
NM_001321485.2	456	GGACA	ee17725b-943c-41cd-ac3e-972462dc5c73	mod	0.5538674
NM_001321485.2	488	GAACA	ee17725b-943c-41cd-ac3e-972462dc5c73	unmod	0.0049690143
NM_001321485.2	492	AAACC	ee17725b-943c-41cd-ac3e-972462dc5c73	unmod	0.009116066
NM_014364.5	814	TGACC	7d6e8653-612f-4dc2-b0e2-a2c138907b5a	mod	0.6475836
NM_014364.5	847	AGACA	7d6e8653-612f-4dc2-b0e2-a2c138907b5a	unmod	0.026750771
NM_014364.5	902	GAACA	7d6e8653-612f-4dc2-b0e2-a2c138907b5a	unmod	0.0044689802
NM_014364.5	940	TGACC	7d6e8653-612f-4dc2-b0e2-a2c138907b5a	unmod	0.31659093
NM_014364.5	973	TGACA	7d6e8653-612f-4dc2-b0e2-a2c138907b5a	mod	0.84514964
NM_014364.5	1019	GGACC	7d6e8653-612f-4dc2-b0e2-a2c138907b5a	unmod	0.15959306
NM_014364.5	1024	TGACC	7d6e8653-612f-4dc2-b0e2-a2c138907b5a	unmod	0.010778597
NM_014364.5	1142	GGACT	7d6e8653-612f-4dc2-b0e2-a2c138907b5a	unmod	0.16509867
NM_014364.5	1202	TGACA	7d6e8653-612f-4dc2-b0e2-a2c138907b5a	unmod	0.102600835
NR_073024.2	97	AAACA	c8043e6f-aa4d-45ae-ad1e-5fc46bd76690	mod	0.8625925
NR_073024.2	161	AAACA	c8043e6f-aa4d-45ae-ad1e-5fc46bd76690	unmod	0.115298636
NR_073024.2	200	GAACA	c8043e6f-aa4d-45ae-ad1e-5fc46bd76690	unmod	0.1750916
NR_073024.2	259	GGACC	c8043e6f-aa4d-45ae-ad1e-5fc46bd76690	mod	0.7346146
NR_073024.2	286	AAACC	c8043e6f-aa4d-45ae-ad1e-5fc46bd76690	mod	0.6942656
NR_073024.2	311	GGACC	c8043e6f-aa4d-45ae-ad1e-5fc46bd76690	mod	0.8630009
NR_073024.2	469	TGACA	c8043e6f-aa4d-45ae-ad1e-5fc46bd76690	unmod	0.29889306
NR_073024.2	528	AAACA	c8043e6f-aa4d-45ae-ad1e-5fc46bd76690	mod	0.9810953
NR_073024.2	549	AAACA	c8043e6f-aa4d-45ae-ad1e-5fc46bd76690	unmod	0.0023487606
NR_073024.2	581	TGACA	c8043e6f-aa4d-45ae-ad1e-5fc46bd76690	mod	0.89313275
NR_073024.2	604	AGACC	c8043e6f-aa4d-45ae-ad1e-5fc46bd76690	unmod	0.31426173
NR_073024.2	612	GGACT	c8043e6f-aa4d-45ae-ad1e-5fc46bd76690	mod	0.8530761
NR_073024.2	636	AGACT	c8043e6f-aa4d-45ae-ad1e-5fc46bd76690	unmod	0.09858301
NM_001143883.4	76	TGACA	e6564288-d19c-4e9f-9d78-240df0658f28	unmod	0.023968259
NM_001143883.4	119	AAACT	e6564288-d19c-4e9f-9d78-240df0658f28	unmod	0.16807441
NM_001143883.4	130	AGACA	e6564288-d19c-4e9f-9d78-240df0658f28	unmod	0.08862175
NM_001143883.4	144	AGACA	e6564288-d19c-4e9f-9d78-240df0658f28	unmod	0.040053133
NM_001143883.4	154	AAACT	e6564288-d19c-4e9f-9d78-240df0658f28	mod	0.8006213
NM_001143883.4	247	TGACT	e6564288-d19c-4e9f-9d78-240df0658f28	unmod	0.041197073
NM_001143883.4	274	TGACA	e6564288-d19c-4e9f-9d78-240df0658f28	unmod	0.20196751
NM_001143883.4	310	GAACC	e6564288-d19c-4e9f-9d78-240df0658f28	unmod	0.16003858
NM_001143883.4	362	GGACC	e6564288-d19c-4e9f-9d78-240df0658f28	mod	0.71965784
NM_001143883.4	405	AGACT	e6564288-d19c-4e9f-9d78-240df0658f28	unmod	0.037379768
NM_001143883.4	504	AGACC	e6564288-d19c-4e9f-9d78-240df0658f28	unmod	0.062195636
NM_001143883.4	529	TGACT	e6564288-d19c-4e9f-9d78-240df0658f28	unmod	0.010841968
NM_001143883.4	536	GGACA	e6564288-d19c-4e9f-9d78-240df0658f28	unmod	0.2653263
NM_001143883.4	554	TGACT	e6564288-d19c-4e9f-9d78-240df0658f28	unmod	0.032499094
NM_001143883.4	579	AGACC	e6564288-d19c-4e9f-9d78-240df0658f28	unmod	0.22887069
NR_027168.2	333	GAACA	f2e76dec-a589-46d1-9ba7-b7902a4e535c	unmod	0.13213786
NR_027168.2	412	GGACC	f2e76dec-a589-46d1-9ba7-b7902a4e535c	mod	0.501855
NR_027168.2	444	AAACT	f2e76dec-a589-46d1-9ba7-b7902a4e535c	unmod	0.06761177
NR_027168.2	448	TAACT	f2e76dec-a589-46d1-9ba7-b7902a4e535c	mod	0.7992159
NR_027168.2	473	AAACA	f2e76dec-a589-46d1-9ba7-b7902a4e535c	mod	0.9624769
NR_027168.2	498	GGACA	f2e76dec-a589-46d1-9ba7-b7902a4e535c	mod	0.882516
NR_027168.2	610	AGACA	f2e76dec-a589-46d1-9ba7-b7902a4e535c	unmod	0.036581542
NR_027168.2	713	GGACT	f2e76dec-a589-46d1-9ba7-b7902a4e535c	mod	0.8965598
NR_027168.2	904	TGACT	f2e76dec-a589-46d1-9ba7-b7902a4e535c	mod	0.6943072
NR_027168.2	996	GAACT	f2e76dec-a589-46d1-9ba7-b7902a4e535c	unmod	0.22488773
XM_017004733.1	1029	TGACA	9a24035f-2834-414e-8ded-b13d5ea277d5	unmod	0.016440727
XM_017004733.1	1193	TGACC	9a24035f-2834-414e-8ded-b13d5ea277d5	unmod	0.06908217
XM_017004733.1	1213	GAACA	9a24035f-2834-414e-8ded-b13d5ea277d5	unmod	0.034491856
XM_017004733.1	1239	TGACA	9a24035f-2834-414e-8ded-b13d5ea277d5	unmod	0.108179614
XM_017004733.1	1313	TGACC	9a24035f-2834-414e-8ded-b13d5ea277d5	unmod	0.4260026
XM_017004733.1	1329	GAACC	9a24035f-2834-414e-8ded-b13d5ea277d5	unmod	0.1103542
XM_017004733.1	1355	TGACC	9a24035f-2834-414e-8ded-b13d5ea277d5	unmod	0.091247715
XM_017004733.1	1373	AGACC	9a24035f-2834-414e-8ded-b13d5ea277d5	unmod	0.058007315
XM_017004733.1	1458	GGACT	9a24035f-2834-414e-8ded-b13d5ea277d5	unmod	0.32820737
XM_017004733.1	1533	AGACC	9a24035f-2834-414e-8ded-b13d5ea277d5	mod	0.8255553
XM_017004733.1	1549	GAACT	9a24035f-2834-414e-8ded-b13d5ea277d5	unmod	0.13166086
XM_017004733.1	1553	TGACT	9a24035f-2834-414e-8ded-b13d5ea277d5	unmod	0.04884417
XM_017004733.1	1557	TGACT	9a24035f-2834-414e-8ded-b13d5ea277d5	unmod	0.32867935
XM_017004733.1	1629	TGACA	9a24035f-2834-414e-8ded-b13d5ea277d5	unmod	0.11934375
XM_017004733.1	1662	GGACT	9a24035f-2834-414e-8ded-b13d5ea277d5	unmod	0.14484964
XM_017004733.1	1826	AAACT	9a24035f-2834-414e-8ded-b13d5ea277d5	unmod	0.010980934
XM_017004733.1	1860	GGACA	9a24035f-2834-414e-8ded-b13d5ea277d5	unmod	0.34645122
XM_017004733.1	1872	AGACC	9a24035f-2834-414e-8ded-b13d5ea277d5	unmod	0.022057563
NM_001387650.1	3799	GGACA	db10ba4d-8cdf-4038-a7d4-9045df50db1b	unmod	0.099312805
NM_001387650.1	3823	AGACC	db10ba4d-8cdf-4038-a7d4-9045df50db1b	mod	0.6325887
NM_001387650.1	3884	GAACT	db10ba4d-8cdf-4038-a7d4-9045df50db1b	unmod	0.2724652
NM_001387650.1	3890	TGACC	db10ba4d-8cdf-4038-a7d4-9045df50db1b	mod	0.9396728
NM_001387650.1	3918	AAACT	db10ba4d-8cdf-4038-a7d4-9045df50db1b	unmod	0.007865654
NM_001387650.1	3940	TGACC	db10ba4d-8cdf-4038-a7d4-9045df50db1b	unmod	0.21597245
NM_001387650.1	3976	TGACT	db10ba4d-8cdf-4038-a7d4-9045df50db1b	unmod	0.41895658
NM_001387650.1	4010	AAACT	db10ba4d-8cdf-4038-a7d4-9045df50db1b	unmod	0.28227085
NM_001387650.1	4028	TGACC	db10ba4d-8cdf-4038-a7d4-9045df50db1b	unmod	0.47880155
NM_001387650.1	4038	AGACT	db10ba4d-8cdf-4038-a7d4-9045df50db1b	unmod	0.4994689
NM_001387650.1	4062	AGACC	db10ba4d-8cdf-4038-a7d4-9045df50db1b	mod	0.6646908
NM_001387650.1	4146	TAACC	db10ba4d-8cdf-4038-a7d4-9045df50db1b	unmod	0.12074984
NM_001387650.1	4195	TGACC	db10ba4d-8cdf-4038-a7d4-9045df50db1b	unmod	0.26851892
NM_001387650.1	4231	TAACC	db10ba4d-8cdf-4038-a7d4-9045df50db1b	mod	0.7566926
NM_001387650.1	4362	GAACA	db10ba4d-8cdf-4038-a7d4-9045df50db1b	unmod	0.004704046
NM_001387650.1	4414	TGACA	db10ba4d-8cdf-4038-a7d4-9045df50db1b	unmod	0.016651364
NM_001387650.1	4430	AAACT	db10ba4d-8cdf-4038-a7d4-9045df50db1b	unmod	0.044427257
NM_001387650.1	4484	AAACC	db10ba4d-8cdf-4038-a7d4-9045df50db1b	unmod	0.08694616
NM_001387650.1	4532	AGACT	db10ba4d-8cdf-4038-a7d4-9045df50db1b	unmod	0.2855379
NM_001387650.1	4554	GAACA	db10ba4d-8cdf-4038-a7d4-9045df50db1b	unmod	0.11652438
NM_001387650.1	4617	AGACT	db10ba4d-8cdf-4038-a7d4-9045df50db1b	mod	0.5193985
NM_001387650.1	4638	AAACT	db10ba4d-8cdf-4038-a7d4-9045df50db1b	unmod	0.031183032
NM_001387650.1	4704	GAACT	db10ba4d-8cdf-4038-a7d4-9045df50db1b	mod	0.9347083
NM_001387650.1	4716	GAACA	db10ba4d-8cdf-4038-a7d4-9045df50db1b	unmod	0.053543527
NM_001387650.1	4728	AAACT	db10ba4d-8cdf-4038-a7d4-9045df50db1b	unmod	0.20106035
NM_001387650.1	4822	AAACT	db10ba4d-8cdf-4038-a7d4-9045df50db1b	unmod	0.053216342
NM_001387650.1	4846	GAACC	db10ba4d-8cdf-4038-a7d4-9045df50db1b	mod	0.99194056
NM_001387650.1	4902	TGACT	db10ba4d-8cdf-4038-a7d4-9045df50db1b	mod	0.786388
NM_001387650.1	4926	TAACT	db10ba4d-8cdf-4038-a7d4-9045df50db1b	unmod	0.0112516945
NM_001387650.1	4930	TAACC	db10ba4d-8cdf-4038-a7d4-9045df50db1b	unmod	0.05729974
NM_001387650.1	4972	AAACA	db10ba4d-8cdf-4038-a7d4-9045df50db1b	unmod	0.19057055
NM_001387650.1	5092	GAACT	db10ba4d-8cdf-4038-a7d4-9045df50db1b	unmod	0.48158208
NM_001387650.1	5109	TGACC	db10ba4d-8cdf-4038-a7d4-9045df50db1b	mod	0.9794342
NM_206538.4	138	GGACT	88825e56-93d5-42e1-a568-ddb0f94ac012	unmod	0.09411557
NM_206538.4	229	TGACA	88825e56-93d5-42e1-a568-ddb0f94ac012	mod	0.804512
NM_206538.4	268	GAACC	88825e56-93d5-42e1-a568-ddb0f94ac012	unmod	0.010709169
NM_206538.4	469	GGACC	88825e56-93d5-42e1-a568-ddb0f94ac012	mod	0.7276758
NM_206538.4	477	TGACC	88825e56-93d5-42e1-a568-ddb0f94ac012	unmod	0.10547264
NM_206538.4	568	GGACC	88825e56-93d5-42e1-a568-ddb0f94ac012	mod	0.5528576
NM_206538.4	662	GAACA	88825e56-93d5-42e1-a568-ddb0f94ac012	mod	0.71049666
NM_206538.4	682	GAACC	88825e56-93d5-42e1-a568-ddb0f94ac012	unmod	0.052576788
NM_206538.4	769	AGACA	88825e56-93d5-42e1-a568-ddb0f94ac012	unmod	0.012798819
NM_206538.4	1006	GGACT	88825e56-93d5-42e1-a568-ddb0f94ac012	mod	0.8215941
NM_206538.4	1133	TGACC	88825e56-93d5-42e1-a568-ddb0f94ac012	mod	0.8482816
NM_206538.4	1172	GAACA	88825e56-93d5-42e1-a568-ddb0f94ac012	unmod	0.0802785
NM_206538.4	1285	TGACA	88825e56-93d5-42e1-a568-ddb0f94ac012	unmod	0.02486113
NM_206538.4	1292	GGACT	88825e56-93d5-42e1-a568-ddb0f94ac012	mod	0.5103212
NM_206538.4	1434	TGACA	88825e56-93d5-42e1-a568-ddb0f94ac012	unmod	0.46999642
NM_206538.4	1455	AAACA	88825e56-93d5-42e1-a568-ddb0f94ac012	mod	0.9589582
NM_206538.4	1480	TGACA	88825e56-93d5-42e1-a568-ddb0f94ac012	unmod	0.02398857
NM_206538.4	1503	AGACT	88825e56-93d5-42e1-a568-ddb0f94ac012	unmod	0.21423928
NM_206538.4	1531	AAACA	88825e56-93d5-42e1-a568-ddb0f94ac012	unmod	0.157759
NM_206538.4	1536	AAACC	88825e56-93d5-42e1-a568-ddb0f94ac012	mod	0.6734007
NM_206538.4	1564	AGACA	88825e56-93d5-42e1-a568-ddb0f94ac012	unmod	0.032378323
NM_206538.4	1578	GAACC	88825e56-93d5-42e1-a568-ddb0f94ac012	unmod	0.019669268
NM_206538.4	1618	GGACT	88825e56-93d5-42e1-a568-ddb0f94ac012	mod	0.82962054
NM_206538.4	1684	AAACA	88825e56-93d5-42e1-a568-ddb0f94ac012	unmod	0.03787747
NM_021814.5	148	GAACA	0da488d8-6136-4b57-86c3-242b71f4eaf2	mod	0.8324787
NM_021814.5	231	GGACA	0da488d8-6136-4b57-86c3-242b71f4eaf2	unmod	0.3177898
NM_021814.5	289	GGACC	0da488d8-6136-4b57-86c3-242b71f4eaf2	mod	0.8736369
NM_021814.5	310	AAACA	0da488d8-6136-4b57-86c3-242b71f4eaf2	unmod	0.024575757
NM_021814.5	348	TAACC	0da488d8-6136-4b57-86c3-242b71f4eaf2	mod	0.59012103
NM_021814.5	355	GGACT	0da488d8-6136-4b57-86c3-242b71f4eaf2	mod	0.8642025
NM_021814.5	395	TAACA	0da488d8-6136-4b57-86c3-242b71f4eaf2	unmod	0.39839092
NM_021814.5	502	AAACT	0da488d8-6136-4b57-86c3-242b71f4eaf2	unmod	0.1213997
NM_021814.5	519	GGACA	0da488d8-6136-4b57-86c3-242b71f4eaf2	mod	0.9145308
NM_021814.5	546	GAACA	0da488d8-6136-4b57-86c3-242b71f4eaf2	unmod	0.40498748
NM_021814.5	597	GAACA	0da488d8-6136-4b57-86c3-242b71f4eaf2	unmod	0.083143644
NM_021814.5	618	GAACT	0da488d8-6136-4b57-86c3-242b71f4eaf2	mod	0.7590224
NM_021814.5	779	TGACA	0da488d8-6136-4b57-86c3-242b71f4eaf2	mod	0.83771586
NM_021814.5	791	AGACC	0da488d8-6136-4b57-86c3-242b71f4eaf2	mod	0.9492171
NM_021814.5	885	AAACT	0da488d8-6136-4b57-86c3-242b71f4eaf2	unmod	0.070866846
NM_021814.5	899	AGACC	0da488d8-6136-4b57-86c3-242b71f4eaf2	unmod	0.25442228
NM_021814.5	933	AGACC	0da488d8-6136-4b57-86c3-242b71f4eaf2	unmod	0.30463907
NM_021814.5	945	GGACC	0da488d8-6136-4b57-86c3-242b71f4eaf2	mod	0.8818757
NM_021814.5	979	GGACA	0da488d8-6136-4b57-86c3-242b71f4eaf2	unmod	0.12606142
NM_021814.5	1008	AAACA	0da488d8-6136-4b57-86c3-242b71f4eaf2	unmod	0.025033077
NM_021814.5	1058	AAACC	0da488d8-6136-4b57-86c3-242b71f4eaf2	mod	0.5653359
NM_021814.5	1067	AAACC	0da488d8-6136-4b57-86c3-242b71f4eaf2	mod	0.7979816
NM_021814.5	1119	TAACA	0da488d8-6136-4b57-86c3-242b71f4eaf2	mod	0.7500683
NM_021814.5	1131	TAACT	0da488d8-6136-4b57-86c3-242b71f4eaf2	mod	0.60745
NM_021814.5	1166	GGACT	0da488d8-6136-4b57-86c3-242b71f4eaf2	mod	0.9311284
NM_021814.5	1186	AAACC	0da488d8-6136-4b57-86c3-242b71f4eaf2	unmod	0.32687443
NM_021814.5	1234	TAACA	0da488d8-6136-4b57-86c3-242b71f4eaf2	unmod	0.059390638
NM_021814.5	1252	TGACC	0da488d8-6136-4b57-86c3-242b71f4eaf2	mod	0.86265284
NM_021814.5	1265	AGACT	0da488d8-6136-4b57-86c3-242b71f4eaf2	mod	0.8075886
NM_021814.5	1323	TAACA	0da488d8-6136-4b57-86c3-242b71f4eaf2	mod	0.8932032
NM_021814.5	1360	AAACA	0da488d8-6136-4b57-86c3-242b71f4eaf2	unmod	0.062969044
NM_021814.5	1374	AAACT	0da488d8-6136-4b57-86c3-242b71f4eaf2	unmod	0.14572357
NM_021814.5	1387	TAACT	0da488d8-6136-4b57-86c3-242b71f4eaf2	mod	0.85409546
NM_021814.5	1447	AAACA	0da488d8-6136-4b57-86c3-242b71f4eaf2	mod	0.9121757
NM_021814.5	1558	AGACC	0da488d8-6136-4b57-86c3-242b71f4eaf2	unmod	0.49724126
NM_021814.5	1573	AAACT	0da488d8-6136-4b57-86c3-242b71f4eaf2	unmod	0.32529423
NM_021814.5	1582	TGACA	0da488d8-6136-4b57-86c3-242b71f4eaf2	mod	0.73890936
NM_021814.5	1597	TGACT	0da488d8-6136-4b57-86c3-242b71f4eaf2	mod	0.6417812
NM_021814.5	1617	AGACA	0da488d8-6136-4b57-86c3-242b71f4eaf2	mod	0.7272725
NM_021814.5	1677	GAACA	0da488d8-6136-4b57-86c3-242b71f4eaf2	unmod	0.037485372
NM_021814.5	1689	TAACT	0da488d8-6136-4b57-86c3-242b71f4eaf2	unmod	0.12252357
NM_021814.5	1697	TAACA	0da488d8-6136-4b57-86c3-242b71f4eaf2	mod	0.92076063
NM_021814.5	1771	AAACT	0da488d8-6136-4b57-86c3-242b71f4eaf2	unmod	0.011097066
NM_021814.5	1869	AAACA	0da488d8-6136-4b57-86c3-242b71f4eaf2	mod	0.8357437
NM_021814.5	1950	TGACA	0da488d8-6136-4b57-86c3-242b71f4eaf2	unmod	0.17167167
NM_021814.5	1978	GAACT	0da488d8-6136-4b57-86c3-242b71f4eaf2	mod	0.6833697
NM_021814.5	2031	TGACA	0da488d8-6136-4b57-86c3-242b71f4eaf2	unmod	0.19428469
NM_021814.5	2073	TAACA	0da488d8-6136-4b57-86c3-242b71f4eaf2	unmod	0.005514366
NM_021814.5	2090	GGACC	0da488d8-6136-4b57-86c3-242b71f4eaf2	mod	0.62325364
NM_021814.5	2098	GAACT	0da488d8-6136-4b57-86c3-242b71f4eaf2	unmod	0.11616305
NM_021814.5	2161	TAACT	0da488d8-6136-4b57-86c3-242b71f4eaf2	unmod	0.29659224
NM_021814.5	2229	GAACC	0da488d8-6136-4b57-86c3-242b71f4eaf2	mod	0.51985645
NM_021814.5	2251	AGACT	0da488d8-6136-4b57-86c3-242b71f4eaf2	mod	0.7031615
NM_021814.5	2298	AAACA	0da488d8-6136-4b57-86c3-242b71f4eaf2	unmod	0.20609543
NM_021814.5	2386	GAACC	0da488d8-6136-4b57-86c3-242b71f4eaf2	mod	0.8468307
NM_021814.5	2396	TGACA	0da488d8-6136-4b57-86c3-242b71f4eaf2	unmod	0.0630083
NM_021814.5	2417	TGACA	0da488d8-6136-4b57-86c3-242b71f4eaf2	unmod	0.024179691
NM_021814.5	2428	AAACT	0da488d8-6136-4b57-86c3-242b71f4eaf2	mod	0.8187403
NM_021814.5	2581	AAACC	0da488d8-6136-4b57-86c3-242b71f4eaf2	mod	0.78998244
NM_021814.5	2664	AAACT	0da488d8-6136-4b57-86c3-242b71f4eaf2	unmod	0.09385894
NM_021814.5	2670	TAACA	0da488d8-6136-4b57-86c3-242b71f4eaf2	unmod	0.4281129
NM_021814.5	2738	AAACA	0da488d8-6136-4b57-86c3-242b71f4eaf2	mod	0.67856157
XM_011545293.2	2553	AAACA	be50098b-95e5-4a21-aede-2e1ea050d979	unmod	0.010686335
XM_011545293.2	2559	TAACT	be50098b-95e5-4a21-aede-2e1ea050d979	mod	0.911273
XM_011545293.2	2569	TAACT	be50098b-95e5-4a21-aede-2e1ea050d979	unmod	0.0451264
XM_011545293.2	2611	AGACA	be50098b-95e5-4a21-aede-2e1ea050d979	unmod	0.3922879
XM_011545293.2	2658	TAACA	be50098b-95e5-4a21-aede-2e1ea050d979	mod	0.5548027
XM_011545293.2	2676	AGACC	be50098b-95e5-4a21-aede-2e1ea050d979	unmod	0.13305515
XM_011545293.2	2766	TGACA	be50098b-95e5-4a21-aede-2e1ea050d979	mod	0.91092783
XM_011545293.2	2906	GAACA	be50098b-95e5-4a21-aede-2e1ea050d979	mod	0.6383982
XM_011545293.2	2917	TGACT	be50098b-95e5-4a21-aede-2e1ea050d979	unmod	0.039297026
XM_011545293.2	3009	TGACA	be50098b-95e5-4a21-aede-2e1ea050d979	mod	0.92806613
XM_011545293.2	3058	AGACT	be50098b-95e5-4a21-aede-2e1ea050d979	mod	0.58750385
XM_011545293.2	3079	AAACT	be50098b-95e5-4a21-aede-2e1ea050d979	unmod	0.07969217
XM_011545293.2	3127	GAACA	be50098b-95e5-4a21-aede-2e1ea050d979	unmod	0.046588007
XM_011545293.2	3235	AAACT	be50098b-95e5-4a21-aede-2e1ea050d979	unmod	0.021066034
XM_011545293.2	3275	TAACA	be50098b-95e5-4a21-aede-2e1ea050d979	mod	0.92447513
XM_011545293.2	3305	GGACA	be50098b-95e5-4a21-aede-2e1ea050d979	mod	0.8001531
XM_011534215.3	218	AGACT	203072a3-0574-46e2-90af-339b3b92e526	unmod	0.1811994
XM_011534215.3	301	AGACT	203072a3-0574-46e2-90af-339b3b92e526	unmod	0.04271301
XM_011534215.3	312	AGACC	203072a3-0574-46e2-90af-339b3b92e526	unmod	0.33769733
XM_011534215.3	333	TAACA	203072a3-0574-46e2-90af-339b3b92e526	mod	0.631517
XM_011534215.3	567	TGACA	203072a3-0574-46e2-90af-339b3b92e526	unmod	0.037738327
XM_011534215.3	711	AAACT	203072a3-0574-46e2-90af-339b3b92e526	unmod	0.0061065853
XM_011534215.3	732	TAACA	203072a3-0574-46e2-90af-339b3b92e526	unmod	0.021971157
XM_011534215.3	775	AAACT	203072a3-0574-46e2-90af-339b3b92e526	unmod	0.008224367
XM_011534215.3	791	AAACT	203072a3-0574-46e2-90af-339b3b92e526	unmod	0.006377688
XM_011534215.3	795	TGACT	203072a3-0574-46e2-90af-339b3b92e526	unmod	0.054349497
XM_011534215.3	812	AAACA	203072a3-0574-46e2-90af-339b3b92e526	unmod	0.0052060676
XM_011534215.3	827	AAACA	203072a3-0574-46e2-90af-339b3b92e526	unmod	0.053864904
XM_011534215.3	837	TGACA	203072a3-0574-46e2-90af-339b3b92e526	unmod	0.116904505
XM_011534215.3	861	TGACA	203072a3-0574-46e2-90af-339b3b92e526	unmod	0.027652573
XM_011534215.3	880	GAACT	203072a3-0574-46e2-90af-339b3b92e526	unmod	0.232759
XM_011534215.3	1092	TGACC	203072a3-0574-46e2-90af-339b3b92e526	unmod	0.025014257
XM_011534215.3	1149	GGACC	203072a3-0574-46e2-90af-339b3b92e526	unmod	0.0792033
XM_011534215.3	1230	TGACA	203072a3-0574-46e2-90af-339b3b92e526	unmod	0.0118699325
NM_170750.3	750	AAACA	8abe99a7-cc5b-4cee-a7e4-8930290f31ed	unmod	0.1005569
NM_170750.3	758	TGACT	8abe99a7-cc5b-4cee-a7e4-8930290f31ed	unmod	0.052638207
NM_170750.3	819	TAACT	8abe99a7-cc5b-4cee-a7e4-8930290f31ed	unmod	0.020119993
NM_170750.3	884	TAACT	8abe99a7-cc5b-4cee-a7e4-8930290f31ed	mod	0.8601015
NM_170750.3	947	AAACA	8abe99a7-cc5b-4cee-a7e4-8930290f31ed	unmod	0.02392148
NM_170750.3	952	GAACA	8abe99a7-cc5b-4cee-a7e4-8930290f31ed	unmod	0.1861505
NM_170750.3	1031	AAACA	8abe99a7-cc5b-4cee-a7e4-8930290f31ed	mod	0.55598545
NM_170750.3	1039	TAACT	8abe99a7-cc5b-4cee-a7e4-8930290f31ed	unmod	0.42884856
NM_170750.3	1091	TAACC	8abe99a7-cc5b-4cee-a7e4-8930290f31ed	mod	0.52508837
NM_170750.3	1146	GGACC	8abe99a7-cc5b-4cee-a7e4-8930290f31ed	mod	0.8556169
NM_170750.3	1188	AAACA	8abe99a7-cc5b-4cee-a7e4-8930290f31ed	unmod	0.2445432
NM_170750.3	1329	TGACA	8abe99a7-cc5b-4cee-a7e4-8930290f31ed	mod	0.85925204
NM_170750.3	1336	TAACA	8abe99a7-cc5b-4cee-a7e4-8930290f31ed	unmod	0.29133743
NM_170750.3	1367	AAACT	8abe99a7-cc5b-4cee-a7e4-8930290f31ed	unmod	0.013794359
NM_001364120.1	195	AGACT	e684bafe-3e6b-42ef-8916-bfa292a3f854	unmod	0.02262049
NM_001364120.1	271	TGACA	e684bafe-3e6b-42ef-8916-bfa292a3f854	unmod	0.13831624
NM_001364120.1	278	AAACT	e684bafe-3e6b-42ef-8916-bfa292a3f854	unmod	0.057042155
NM_001364120.1	290	AGACA	e684bafe-3e6b-42ef-8916-bfa292a3f854	unmod	0.1672999
NM_001364120.1	341	GAACT	e684bafe-3e6b-42ef-8916-bfa292a3f854	unmod	0.16991742
NM_001364120.1	414	AGACA	e684bafe-3e6b-42ef-8916-bfa292a3f854	mod	0.94360405
NM_001364120.1	474	AGACC	e684bafe-3e6b-42ef-8916-bfa292a3f854	unmod	0.42846897
NM_001364120.1	497	AGACA	e684bafe-3e6b-42ef-8916-bfa292a3f854	mod	0.9729847
NM_001364120.1	502	GGACA	e684bafe-3e6b-42ef-8916-bfa292a3f854	mod	0.958888
NM_001364120.1	510	AGACA	e684bafe-3e6b-42ef-8916-bfa292a3f854	unmod	0.3939655
NM_001364120.1	594	TAACA	e684bafe-3e6b-42ef-8916-bfa292a3f854	unmod	0.041283123
NM_001364120.1	603	TGACA	e684bafe-3e6b-42ef-8916-bfa292a3f854	unmod	0.16624804
NM_001364120.1	624	AAACC	e684bafe-3e6b-42ef-8916-bfa292a3f854	unmod	0.028495751
NM_001364120.1	740	TAACT	e684bafe-3e6b-42ef-8916-bfa292a3f854	unmod	0.06901095
NM_001364120.1	879	AAACT	e684bafe-3e6b-42ef-8916-bfa292a3f854	mod	0.89985573
NM_001364120.1	1059	GAACC	e684bafe-3e6b-42ef-8916-bfa292a3f854	unmod	0.29010037
NM_001364120.1	1081	AAACA	e684bafe-3e6b-42ef-8916-bfa292a3f854	unmod	0.013019902
NM_001364120.1	1089	TGACT	e684bafe-3e6b-42ef-8916-bfa292a3f854	mod	0.9076329
NM_001364120.1	1113	AAACT	e684bafe-3e6b-42ef-8916-bfa292a3f854	mod	0.70194185
NM_001042610.3	102	AGACC	0e243461-a6ea-4dfe-ae8d-59afef0ace39	unmod	0.44728687
NM_001042610.3	203	GGACA	0e243461-a6ea-4dfe-ae8d-59afef0ace39	mod	0.95413357
NM_001042610.3	210	GGACA	0e243461-a6ea-4dfe-ae8d-59afef0ace39	mod	0.9230506
NM_001042610.3	342	GGACC	0e243461-a6ea-4dfe-ae8d-59afef0ace39	mod	0.8432782
NM_001042610.3	369	GGACC	0e243461-a6ea-4dfe-ae8d-59afef0ace39	mod	0.69406295
NM_001042610.3	396	TGACT	0e243461-a6ea-4dfe-ae8d-59afef0ace39	mod	0.8166011
NM_001042610.3	411	GAACC	0e243461-a6ea-4dfe-ae8d-59afef0ace39	unmod	0.23513003
NM_001042610.3	488	GGACA	0e243461-a6ea-4dfe-ae8d-59afef0ace39	mod	0.6162029
NM_001042610.3	555	GGACA	0e243461-a6ea-4dfe-ae8d-59afef0ace39	unmod	0.27535513
NM_001042610.3	588	GGACT	0e243461-a6ea-4dfe-ae8d-59afef0ace39	mod	0.9116712
NM_001042610.3	593	AGACC	0e243461-a6ea-4dfe-ae8d-59afef0ace39	mod	0.6722452
NM_001042610.3	635	GAACA	0e243461-a6ea-4dfe-ae8d-59afef0ace39	mod	0.8450185
NM_001042610.3	662	TGACC	0e243461-a6ea-4dfe-ae8d-59afef0ace39	unmod	0.29554874
NM_001042610.3	671	AGACA	0e243461-a6ea-4dfe-ae8d-59afef0ace39	mod	0.7820523
NM_001042610.3	713	TGACA	0e243461-a6ea-4dfe-ae8d-59afef0ace39	mod	0.77696073
NM_001042610.3	750	AGACC	0e243461-a6ea-4dfe-ae8d-59afef0ace39	mod	0.68862975
NM_001042610.3	793	AGACC	0e243461-a6ea-4dfe-ae8d-59afef0ace39	mod	0.8899362
NM_001042610.3	814	GGACA	0e243461-a6ea-4dfe-ae8d-59afef0ace39	mod	0.89203465
NM_001042610.3	908	AGACA	0e243461-a6ea-4dfe-ae8d-59afef0ace39	unmod	0.45781392
NM_001042610.3	981	GGACC	0e243461-a6ea-4dfe-ae8d-59afef0ace39	mod	0.94864494
NM_001042610.3	994	TGACA	0e243461-a6ea-4dfe-ae8d-59afef0ace39	mod	0.896625
NM_001042610.3	1009	GAACT	0e243461-a6ea-4dfe-ae8d-59afef0ace39	unmod	0.44294953
NM_001042610.3	1092	GGACA	0e243461-a6ea-4dfe-ae8d-59afef0ace39	mod	0.9412709
NM_001042610.3	1226	AGACC	0e243461-a6ea-4dfe-ae8d-59afef0ace39	unmod	0.08274691
NM_001042610.3	1257	TGACA	0e243461-a6ea-4dfe-ae8d-59afef0ace39	unmod	0.21933529
NM_001042610.3	1261	AGACA	0e243461-a6ea-4dfe-ae8d-59afef0ace39	mod	0.6644713
NM_001042610.3	1288	GAACA	0e243461-a6ea-4dfe-ae8d-59afef0ace39	unmod	0.06329898
NM_001042610.3	1305	AGACT	0e243461-a6ea-4dfe-ae8d-59afef0ace39	mod	0.904262
NM_001042610.3	1317	AGACT	0e243461-a6ea-4dfe-ae8d-59afef0ace39	mod	0.91542673
NM_001042610.3	1325	TGACA	0e243461-a6ea-4dfe-ae8d-59afef0ace39	mod	0.89387393
NM_001042610.3	1449	AAACT	0e243461-a6ea-4dfe-ae8d-59afef0ace39	unmod	0.2569733
NM_001042610.3	1478	GGACC	0e243461-a6ea-4dfe-ae8d-59afef0ace39	unmod	0.29012662
NM_001042610.3	1517	TGACA	0e243461-a6ea-4dfe-ae8d-59afef0ace39	mod	0.8272753
NM_001042610.3	1616	TGACA	0e243461-a6ea-4dfe-ae8d-59afef0ace39	mod	0.52764565
NM_001042610.3	1725	AAACA	0e243461-a6ea-4dfe-ae8d-59afef0ace39	unmod	0.034474466
NM_001042610.3	1845	AAACC	0e243461-a6ea-4dfe-ae8d-59afef0ace39	unmod	0.014855419
NM_001321485.2	64	GAACC	8c6370fc-4070-4ac0-b2aa-1ece38bbb000	mod	0.8576709
NM_001321485.2	187	GAACT	8c6370fc-4070-4ac0-b2aa-1ece38bbb000	unmod	0.017281711
NM_001321485.2	215	GAACT	8c6370fc-4070-4ac0-b2aa-1ece38bbb000	mod	0.7969415
NM_001321485.2	274	TGACC	8c6370fc-4070-4ac0-b2aa-1ece38bbb000	unmod	0.12175113
NM_001321485.2	395	GGACC	8c6370fc-4070-4ac0-b2aa-1ece38bbb000	unmod	0.22517818
NM_001321485.2	414	AAACT	8c6370fc-4070-4ac0-b2aa-1ece38bbb000	mod	0.9161687
NM_001321485.2	418	TGACA	8c6370fc-4070-4ac0-b2aa-1ece38bbb000	mod	0.84324193
NM_001321485.2	429	GGACA	8c6370fc-4070-4ac0-b2aa-1ece38bbb000	unmod	0.06238593
NM_001321485.2	443	GGACA	8c6370fc-4070-4ac0-b2aa-1ece38bbb000	unmod	0.45971948
NM_001321485.2	456	GGACA	8c6370fc-4070-4ac0-b2aa-1ece38bbb000	unmod	0.17173813
NM_001321485.2	488	GAACA	8c6370fc-4070-4ac0-b2aa-1ece38bbb000	unmod	0.009707063
NM_001321485.2	492	AAACC	8c6370fc-4070-4ac0-b2aa-1ece38bbb000	unmod	0.009344146
